target_index,target_name,train_support,validation_support,test_support,v2_support,totalsegmentator_support,benchmark_primary,reason_included_or_excluded
0,spleen,1047,143,131,438,883,True,INCLUDED
1,kidney_right,952,127,129,436,772,True,INCLUDED
2,kidney_left,976,130,127,436,797,True,INCLUDED
3,gallbladder,835,108,111,414,640,True,INCLUDED
4,liver,1090,145,142,440,937,True,INCLUDED
5,stomach,1061,145,136,440,902,True,INCLUDED
6,pancreas,981,131,129,437,804,True,INCLUDED
7,adrenal_gland_right,992,133,130,434,821,True,INCLUDED
8,adrenal_gland_left,967,127,128,434,788,True,INCLUDED
9,lung_upper_lobe_left,1162,149,144,433,1022,True,INCLUDED
10,lung_lower_lobe_left,1147,147,145,439,1000,True,INCLUDED
11,lung_upper_lobe_right,913,113,117,267,876,True,INCLUDED
12,lung_middle_lobe_right,1047,135,131,435,878,True,INCLUDED
13,lung_lower_lobe_right,1133,148,143,439,985,True,INCLUDED
14,esophagus,1173,151,145,436,1033,True,INCLUDED
15,trachea,730,84,94,116,792,True,INCLUDED
16,thyroid_gland,654,70,86,110,700,True,INCLUDED
17,small_bowel,993,123,127,435,808,True,INCLUDED
18,duodenum,946,124,124,435,759,True,INCLUDED
19,colon,1071,137,137,437,908,True,INCLUDED
20,urinary_bladder,775,100,105,411,569,True,INCLUDED
21,prostate,467,59,60,269,317,False,NOT_PRIMARY_ONTOLOGY
22,kidney_cyst_left,44,5,5,24,30,False,NOT_PRIMARY_ONTOLOGY
23,kidney_cyst_right,56,4,5,40,25,False,NOT_PRIMARY_ONTOLOGY
24,sacrum,820,107,106,421,612,False,NOT_PRIMARY_ONTOLOGY
25,vertebrae_S1,803,106,105,421,593,True,INCLUDED
26,vertebrae_L5,822,112,108,425,617,True,INCLUDED
27,vertebrae_L4,837,113,110,425,635,True,INCLUDED
28,vertebrae_L3,842,114,112,427,641,True,INCLUDED
29,vertebrae_L2,900,123,119,432,710,True,INCLUDED
30,vertebrae_L1,970,130,131,438,793,True,INCLUDED
31,vertebrae_T12,1033,139,132,438,866,True,INCLUDED
32,vertebrae_T11,1048,142,133,438,885,True,INCLUDED
33,vertebrae_T10,1041,137,129,431,876,True,INCLUDED
34,vertebrae_T9,1002,127,123,406,846,True,INCLUDED
35,vertebrae_T8,912,117,114,357,786,True,INCLUDED
36,vertebrae_T7,811,96,98,278,727,True,INCLUDED
37,vertebrae_T6,735,88,91,193,721,True,INCLUDED
38,vertebrae_T5,697,80,87,137,727,True,INCLUDED
39,vertebrae_T4,683,76,91,112,738,True,INCLUDED
40,vertebrae_T3,682,77,90,111,738,True,INCLUDED
41,vertebrae_T2,673,73,87,111,722,True,INCLUDED
42,vertebrae_T1,660,70,83,111,702,True,INCLUDED
43,vertebrae_C7,634,64,83,99,682,True,INCLUDED
44,vertebrae_C6,460,47,59,41,525,True,INCLUDED
45,vertebrae_C5,265,31,38,11,323,False,NOT_PRIMARY_ONTOLOGY
46,vertebrae_C4,193,24,29,5,241,False,NOT_PRIMARY_ONTOLOGY
47,vertebrae_C3,183,24,25,5,227,False,NOT_PRIMARY_ONTOLOGY
48,vertebrae_C2,198,24,29,2,249,False,NOT_PRIMARY_ONTOLOGY
49,vertebrae_C1,194,24,28,3,243,False,NOT_PRIMARY_ONTOLOGY
50,heart,1074,136,131,428,913,False,NOT_PRIMARY_ONTOLOGY
51,aorta,1225,158,158,439,1102,True,INCLUDED
52,pulmonary_vein,813,100,104,247,770,True,INCLUDED
53,brachiocephalic_trunk,677,75,89,110,731,True,INCLUDED
54,subclavian_artery_right,674,74,91,110,729,True,INCLUDED
55,subclavian_artery_left,691,77,93,110,751,True,INCLUDED
56,common_carotid_artery_right,670,72,88,110,720,True,INCLUDED
57,common_carotid_artery_left,693,77,93,110,753,True,INCLUDED
58,brachiocephalic_vein_left,674,73,92,110,729,False,NOT_PRIMARY_ONTOLOGY
59,brachiocephalic_vein_right,679,74,92,110,735,True,INCLUDED
60,atrial_appendage_left,659,78,82,151,668,True,INCLUDED
61,superior_vena_cava,748,87,93,160,768,True,INCLUDED
62,inferior_vena_cava,1124,146,145,439,976,True,INCLUDED
63,portal_vein_and_splenic_vein,992,134,130,435,821,True,INCLUDED
64,iliac_artery_left,837,109,110,422,634,True,INCLUDED
65,iliac_artery_right,834,110,109,422,631,True,INCLUDED
66,iliac_vena_left,834,107,110,422,629,True,INCLUDED
67,iliac_vena_right,828,109,108,422,623,True,INCLUDED
68,humerus_left,582,64,76,112,610,True,INCLUDED
69,humerus_right,590,62,76,113,615,True,INCLUDED
70,scapula_left,831,98,107,232,804,True,INCLUDED
71,scapula_right,813,92,103,228,780,True,INCLUDED
72,clavicula_left,673,74,88,111,724,True,INCLUDED
73,clavicula_right,669,73,89,111,720,True,INCLUDED
74,femur_left,771,100,103,411,563,True,INCLUDED
75,femur_right,764,100,102,413,553,True,INCLUDED
76,hip_left,845,109,110,423,641,True,INCLUDED
77,hip_right,840,111,109,423,637,True,INCLUDED
78,spinal_cord,1297,162,163,440,1182,True,INCLUDED
79,gluteus_maximus_left,800,104,106,418,592,True,INCLUDED
80,gluteus_maximus_right,800,103,106,419,590,True,INCLUDED
81,gluteus_medius_left,827,106,110,422,621,True,INCLUDED
82,gluteus_medius_right,820,108,108,423,613,True,INCLUDED
83,gluteus_minimus_left,787,101,105,416,577,True,INCLUDED
84,gluteus_minimus_right,777,101,104,415,567,True,INCLUDED
85,autochthon_left,1256,157,158,440,1131,True,INCLUDED
86,autochthon_right,1256,157,158,440,1131,True,INCLUDED
87,iliopsoas_left,1000,126,132,435,823,True,INCLUDED
88,iliopsoas_right,1007,126,131,436,828,True,INCLUDED
89,brain,193,25,28,2,244,True,INCLUDED
90,skull,375,40,50,21,444,True,INCLUDED
91,rib_left_1,684,75,90,110,739,True,INCLUDED
92,rib_left_2,695,76,92,111,752,True,INCLUDED
93,rib_left_3,714,80,93,120,767,False,NOT_PRIMARY_ONTOLOGY
94,rib_left_4,815,97,107,218,801,False,NOT_PRIMARY_ONTOLOGY
95,rib_left_5,963,113,120,342,854,True,INCLUDED
96,rib_left_6,1058,131,129,418,900,True,INCLUDED
97,rib_left_7,1054,136,131,437,884,True,INCLUDED
98,rib_left_8,1052,138,135,439,886,True,INCLUDED
99,rib_left_9,1056,137,135,439,889,True,INCLUDED
100,rib_left_10,1040,139,136,438,877,True,INCLUDED
101,rib_left_11,1025,135,131,438,853,True,INCLUDED
102,rib_left_12,952,132,126,434,776,True,INCLUDED
103,rib_right_1,685,72,90,110,737,True,INCLUDED
104,rib_right_2,690,74,91,110,745,True,INCLUDED
105,rib_right_3,712,77,92,124,757,True,INCLUDED
106,rib_right_4,797,93,104,217,777,True,INCLUDED
107,rib_right_5,935,109,116,334,826,True,INCLUDED
108,rib_right_6,1029,124,126,416,863,True,INCLUDED
109,rib_right_7,1029,129,129,438,849,True,INCLUDED
110,rib_right_8,1028,134,132,438,856,True,INCLUDED
111,rib_right_9,1031,134,133,438,860,True,INCLUDED
112,rib_right_10,1028,135,134,438,859,True,INCLUDED
113,rib_right_11,1029,137,132,438,860,True,INCLUDED
114,rib_right_12,950,131,124,436,769,True,INCLUDED
115,sternum,1054,128,133,367,948,True,INCLUDED
116,costal_cartilages,1153,150,150,439,1014,True,INCLUDED
