target_index,target_name,provenance,primary_benchmark_mask,notes
0,spleen,REAL_SEGMENTATION,1,TotalSegmentator v2 mask
1,kidney_right,REAL_SEGMENTATION,1,TotalSegmentator v2 mask
2,kidney_left,REAL_SEGMENTATION,1,TotalSegmentator v2 mask
3,gallbladder,REAL_SEGMENTATION,1,TotalSegmentator v2 mask
4,liver,REAL_SEGMENTATION,1,TotalSegmentator v2 mask
5,stomach,REAL_SEGMENTATION,1,TotalSegmentator v2 mask
6,pancreas,REAL_SEGMENTATION,1,TotalSegmentator v2 mask
7,adrenal_gland_right,REAL_SEGMENTATION,1,TotalSegmentator v2 mask
8,adrenal_gland_left,REAL_SEGMENTATION,1,TotalSegmentator v2 mask
9,lung_upper_lobe_left,REAL_SEGMENTATION,1,TotalSegmentator v2 mask
10,lung_lower_lobe_left,REAL_SEGMENTATION,1,TotalSegmentator v2 mask
11,lung_upper_lobe_right,REAL_SEGMENTATION,1,TotalSegmentator v2 mask
12,lung_middle_lobe_right,REAL_SEGMENTATION,1,TotalSegmentator v2 mask
13,lung_lower_lobe_right,REAL_SEGMENTATION,1,TotalSegmentator v2 mask
14,esophagus,REAL_SEGMENTATION,1,TotalSegmentator v2 mask
15,trachea,REAL_SEGMENTATION,1,TotalSegmentator v2 mask
16,thyroid_gland,REAL_SEGMENTATION,1,TotalSegmentator v2 mask
17,small_bowel,REAL_SEGMENTATION,1,TotalSegmentator v2 mask
18,duodenum,REAL_SEGMENTATION,1,TotalSegmentator v2 mask
19,colon,REAL_SEGMENTATION,1,TotalSegmentator v2 mask
20,urinary_bladder,REAL_SEGMENTATION,1,TotalSegmentator v2 mask
21,prostate,REAL_SEGMENTATION,1,TotalSegmentator v2 mask
22,sacrum,REAL_SEGMENTATION,1,TotalSegmentator v2 mask
23,vertebrae_S1,REAL_SEGMENTATION,1,TotalSegmentator v2 mask
24,vertebrae_L5,REAL_SEGMENTATION,1,TotalSegmentator v2 mask
25,vertebrae_L4,REAL_SEGMENTATION,1,TotalSegmentator v2 mask
26,vertebrae_L3,REAL_SEGMENTATION,1,TotalSegmentator v2 mask
27,vertebrae_L2,REAL_SEGMENTATION,1,TotalSegmentator v2 mask
28,vertebrae_L1,REAL_SEGMENTATION,1,TotalSegmentator v2 mask
29,vertebrae_T12,REAL_SEGMENTATION,1,TotalSegmentator v2 mask
30,vertebrae_T11,REAL_SEGMENTATION,1,TotalSegmentator v2 mask
31,vertebrae_T10,REAL_SEGMENTATION,1,TotalSegmentator v2 mask
32,vertebrae_T9,REAL_SEGMENTATION,1,TotalSegmentator v2 mask
33,vertebrae_T8,REAL_SEGMENTATION,1,TotalSegmentator v2 mask
34,vertebrae_T7,REAL_SEGMENTATION,1,TotalSegmentator v2 mask
35,vertebrae_T6,REAL_SEGMENTATION,1,TotalSegmentator v2 mask
36,vertebrae_T5,REAL_SEGMENTATION,1,TotalSegmentator v2 mask
37,vertebrae_T4,REAL_SEGMENTATION,1,TotalSegmentator v2 mask
38,vertebrae_T3,REAL_SEGMENTATION,1,TotalSegmentator v2 mask
39,vertebrae_T2,REAL_SEGMENTATION,1,TotalSegmentator v2 mask
40,vertebrae_T1,REAL_SEGMENTATION,1,TotalSegmentator v2 mask
41,vertebrae_C7,REAL_SEGMENTATION,1,TotalSegmentator v2 mask
42,vertebrae_C6,REAL_SEGMENTATION,1,TotalSegmentator v2 mask
43,vertebrae_C5,REAL_SEGMENTATION,1,TotalSegmentator v2 mask
44,vertebrae_C4,REAL_SEGMENTATION,1,TotalSegmentator v2 mask
45,vertebrae_C3,REAL_SEGMENTATION,1,TotalSegmentator v2 mask
46,vertebrae_C2,REAL_SEGMENTATION,1,TotalSegmentator v2 mask
47,vertebrae_C1,REAL_SEGMENTATION,1,TotalSegmentator v2 mask
48,heart,REAL_SEGMENTATION,1,TotalSegmentator v2 mask
49,aorta,REAL_SEGMENTATION,1,TotalSegmentator v2 mask
50,pulmonary_vein,REAL_SEGMENTATION,1,TotalSegmentator v2 mask
51,brachiocephalic_trunk,REAL_SEGMENTATION,1,TotalSegmentator v2 mask
52,subclavian_artery_right,REAL_SEGMENTATION,1,TotalSegmentator v2 mask
53,subclavian_artery_left,REAL_SEGMENTATION,1,TotalSegmentator v2 mask
54,common_carotid_artery_right,REAL_SEGMENTATION,1,TotalSegmentator v2 mask
55,common_carotid_artery_left,REAL_SEGMENTATION,1,TotalSegmentator v2 mask
56,superior_vena_cava,REAL_SEGMENTATION,1,TotalSegmentator v2 mask
57,inferior_vena_cava,REAL_SEGMENTATION,1,TotalSegmentator v2 mask
58,portal_vein_and_splenic_vein,REAL_SEGMENTATION,1,TotalSegmentator v2 mask
59,iliac_artery_right,REAL_SEGMENTATION,1,TotalSegmentator v2 mask
60,iliac_artery_left,REAL_SEGMENTATION,1,TotalSegmentator v2 mask
61,iliac_vena_right,REAL_SEGMENTATION,1,TotalSegmentator v2 mask
62,iliac_vena_left,REAL_SEGMENTATION,1,TotalSegmentator v2 mask
63,humerus_right,REAL_SEGMENTATION,1,TotalSegmentator v2 mask
64,humerus_left,REAL_SEGMENTATION,1,TotalSegmentator v2 mask
65,scapula_right,REAL_SEGMENTATION,1,TotalSegmentator v2 mask
66,scapula_left,REAL_SEGMENTATION,1,TotalSegmentator v2 mask
67,clavicula_right,REAL_SEGMENTATION,1,TotalSegmentator v2 mask
68,clavicula_left,REAL_SEGMENTATION,1,TotalSegmentator v2 mask
69,femur_right,REAL_SEGMENTATION,1,TotalSegmentator v2 mask
70,femur_left,REAL_SEGMENTATION,1,TotalSegmentator v2 mask
71,hip_right,REAL_SEGMENTATION,1,TotalSegmentator v2 mask
72,hip_left,REAL_SEGMENTATION,1,TotalSegmentator v2 mask
73,spinal_cord,REAL_SEGMENTATION,1,TotalSegmentator v2 mask
74,gluteus_maximus_right,REAL_SEGMENTATION,1,TotalSegmentator v2 mask
75,gluteus_maximus_left,REAL_SEGMENTATION,1,TotalSegmentator v2 mask
76,gluteus_medius_right,REAL_SEGMENTATION,1,TotalSegmentator v2 mask
77,gluteus_medius_left,REAL_SEGMENTATION,1,TotalSegmentator v2 mask
78,gluteus_minimus_right,REAL_SEGMENTATION,1,TotalSegmentator v2 mask
79,gluteus_minimus_left,REAL_SEGMENTATION,1,TotalSegmentator v2 mask
80,autochthon_right,REAL_SEGMENTATION,1,TotalSegmentator v2 mask
81,autochthon_left,REAL_SEGMENTATION,1,TotalSegmentator v2 mask
82,iliopsoas_right,REAL_SEGMENTATION,1,TotalSegmentator v2 mask
83,iliopsoas_left,REAL_SEGMENTATION,1,TotalSegmentator v2 mask
84,brain,REAL_SEGMENTATION,1,TotalSegmentator v2 mask
85,skull,REAL_SEGMENTATION,1,TotalSegmentator v2 mask
86,rib_left_1,REAL_SEGMENTATION,1,TotalSegmentator v2 mask
87,rib_left_2,REAL_SEGMENTATION,1,TotalSegmentator v2 mask
88,rib_left_3,REAL_SEGMENTATION,1,TotalSegmentator v2 mask
89,rib_left_4,REAL_SEGMENTATION,1,TotalSegmentator v2 mask
90,rib_left_5,REAL_SEGMENTATION,1,TotalSegmentator v2 mask
91,rib_left_6,REAL_SEGMENTATION,1,TotalSegmentator v2 mask
92,rib_left_7,REAL_SEGMENTATION,1,TotalSegmentator v2 mask
93,rib_left_8,REAL_SEGMENTATION,1,TotalSegmentator v2 mask
94,rib_left_9,REAL_SEGMENTATION,1,TotalSegmentator v2 mask
95,rib_left_10,REAL_SEGMENTATION,1,TotalSegmentator v2 mask
96,rib_left_11,REAL_SEGMENTATION,1,TotalSegmentator v2 mask
97,rib_left_12,REAL_SEGMENTATION,1,TotalSegmentator v2 mask
98,rib_right_1,REAL_SEGMENTATION,1,TotalSegmentator v2 mask
99,rib_right_2,REAL_SEGMENTATION,1,TotalSegmentator v2 mask
100,rib_right_3,REAL_SEGMENTATION,1,TotalSegmentator v2 mask
101,rib_right_4,REAL_SEGMENTATION,1,TotalSegmentator v2 mask
102,rib_right_5,REAL_SEGMENTATION,1,TotalSegmentator v2 mask
103,rib_right_6,REAL_SEGMENTATION,1,TotalSegmentator v2 mask
104,rib_right_7,REAL_SEGMENTATION,1,TotalSegmentator v2 mask
105,rib_right_8,REAL_SEGMENTATION,1,TotalSegmentator v2 mask
106,rib_right_9,REAL_SEGMENTATION,1,TotalSegmentator v2 mask
107,rib_right_10,REAL_SEGMENTATION,1,TotalSegmentator v2 mask
108,rib_right_11,REAL_SEGMENTATION,1,TotalSegmentator v2 mask
109,rib_right_12,REAL_SEGMENTATION,1,TotalSegmentator v2 mask
110,sternum,REAL_SEGMENTATION,1,TotalSegmentator v2 mask
111,costal_cartilages,REAL_SEGMENTATION,1,TotalSegmentator v2 mask
112,atrial_appendage_left,REAL_SEGMENTATION,1,TotalSegmentator v2 mask
113,subclavian_vein_right,REAL_SEGMENTATION,1,TotalSegmentator v2 mask
114,subclavian_vein_left,REAL_SEGMENTATION,1,TotalSegmentator v2 mask
115,brachiocephalic_vein_right,REAL_SEGMENTATION,1,TotalSegmentator v2 mask
116,brachiocephalic_vein_left,REAL_SEGMENTATION,1,TotalSegmentator v2 mask
117,uterus,SYNTHETIC,0,Procedural ellipsoidal fallback; excluded from primary clinical benchmark
118,ovary_left,SYNTHETIC,0,Procedural ellipsoidal fallback; excluded from primary clinical benchmark
119,ovary_right,SYNTHETIC,0,Procedural ellipsoidal fallback; excluded from primary clinical benchmark
120,vagina,SYNTHETIC,0,Procedural ellipsoidal fallback; excluded from primary clinical benchmark
