condition,nominal_si_height_mm,macro_mre_mm,ci_95_lo_mm,ci_95_hi_mm,median_mre_mm,p90_mre_mm,delta_vs_full_mm
Full (Uncropped),450.0,62.41926574707031,61.0686149597168,65.96304321289062,62.89655303955078,77.88916015625,0.0
450 mm SI,450.0,66.69131469726562,63.428279876708984,68.82154083251953,63.89836883544922,82.68286895751953,4.2720489501953125
350 mm SI,350.0,75.89374542236328,69.86775970458984,75.33268737792969,70.73702239990234,95.52523803710938,13.474479675292969
300 mm SI,300.0,81.26160430908203,73.58467102050781,79.61603546142578,73.10111236572266,100.89744567871094,18.84233856201172
250 mm SI,250.0,87.23359680175781,77.79033660888672,84.80982208251953,74.7108154296875,109.88214111328125,24.8143310546875
200 mm SI,200.0,97.53097534179688,85.5006103515625,93.2950210571289,84.26824951171875,121.21263122558594,35.11170959472656
Asymmetric Superior (Top 65%),300.0,75.78068542480469,73.89960479736328,81.015380859375,72.78181457519531,105.26280212402344,13.361419677734375
Asymmetric Inferior (Bottom 65%),300.0,106.59123992919922,93.25593566894531,101.2190933227539,95.34037780761719,128.54067993164062,44.171974182128906
Random Abdominal Window,280.0,91.57279205322266,80.5432357788086,88.27245330810547,80.0452880859375,123.59376525878906,29.153526306152344
