case_id,target_name,slot,gt_x_mm,gt_y_mm,gt_z_mm,pred_x_seed42,pred_y_seed42,pred_z_seed42,pred_x_seed43,pred_y_seed43,pred_z_seed43,pred_x_seed44,pred_y_seed44,pred_z_seed44,pred_x_ens,pred_y_ens,pred_z_ens,error_seed42_mm,error_seed43_mm,error_seed44_mm,error_ens_mm
volume-0,liver,4,46.4,13.09,-61.96,46.54,6.92,-65.8,48.8,5.53,-53.2,56.09,12.67,-61.08,50.47,8.37,-60.02,7.27,11.82,9.73,6.53
volume-0,urinary_bladder,20,-9.62,-0.87,-319.27,-10.46,3.76,-310.02,-11.09,-4.05,-297.37,-11.2,-1.55,-305.08,-10.92,-0.61,-304.16,10.38,22.18,14.3,15.17
volume-0,kidney_right,1,66.58,-19.75,-148.74,49.37,-43.19,-113.11,49.54,-43.36,-104.62,56.49,-37.93,-109.79,51.8,-41.5,-109.17,45.99,52.87,44.15,47.51
volume-0,kidney_left,2,-82.04,-26.55,-128.37,-77.35,-45.92,-98.63,-75.88,-43.51,-93.02,-76.09,-39.96,-98.79,-76.44,-43.13,-96.81,35.8,39.69,33.01,36.08
volume-1,liver,4,53.42,28.69,-250.93,63.27,21.66,-220.19,63.0,20.7,-223.9,63.7,22.54,-220.27,63.33,21.63,-221.46,33.03,29.77,32.91,31.88
volume-1,urinary_bladder,20,7.44,14.55,-502.18,0.94,16.0,-492.59,-1.53,16.12,-497.54,-0.13,18.87,-489.73,-0.24,17.0,-493.29,11.67,10.22,15.2,12.0
volume-1,kidney_right,1,78.31,0.58,-339.33,65.85,-25.23,-282.92,65.39,-25.75,-290.16,65.75,-26.21,-280.77,65.66,-25.73,-284.62,63.28,57.25,65.61,62.01
volume-1,kidney_left,2,-71.97,-14.04,-326.32,-64.42,-29.84,-272.8,-70.14,-26.46,-283.85,-65.75,-26.68,-272.65,-66.77,-27.66,-276.43,56.31,44.29,55.49,51.97
volume-2,liver,4,65.03,206.01,-698.83,81.12,182.0,-696.23,80.39,184.49,-693.67,80.95,184.56,-688.33,80.82,183.68,-692.74,29.02,26.94,28.71,28.02
volume-2,urinary_bladder,20,7.22,150.93,-1001.94,1.86,160.31,-1037.99,6.98,157.41,-1032.73,0.89,165.02,-1017.16,3.25,160.92,-1029.29,37.63,31.46,21.68,29.39
volume-2,kidney_right,1,79.17,127.59,-791.89,81.97,128.35,-785.93,80.58,126.1,-779.27,78.81,131.73,-775.95,80.45,128.73,-780.38,6.63,12.79,16.47,11.64
volume-2,kidney_left,2,-75.78,123.12,-798.03,-85.45,133.27,-801.99,-72.72,126.24,-789.57,-80.37,132.32,-779.52,-79.51,130.61,-790.36,14.57,9.53,21.17,11.35
volume-3,liver,4,83.25,188.96,-649.34,74.97,174.82,-614.95,69.57,176.44,-613.82,72.4,172.71,-610.51,72.31,174.65,-613.09,38.09,40.07,43.47,40.47
volume-3,urinary_bladder,20,0.6,160.04,-909.89,-3.46,152.07,-942.16,-6.53,152.9,-926.73,-8.25,154.21,-932.64,-6.08,153.06,-933.84,33.48,19.63,25.1,25.83
volume-3,kidney_right,1,71.2,125.92,-709.23,74.63,121.71,-706.59,72.31,120.55,-684.42,68.99,117.14,-690.36,71.98,119.8,-693.79,6.04,25.41,20.94,16.63
volume-3,kidney_left,2,-81.94,122.88,-706.1,-83.24,125.7,-710.43,-81.08,118.52,-692.85,-78.28,117.54,-693.96,-80.87,120.58,-699.08,5.33,13.98,13.76,7.46
volume-4,liver,4,61.62,25.37,-299.63,81.77,22.3,-290.65,79.44,30.07,-302.55,75.91,23.63,-305.39,79.04,25.34,-299.53,22.28,18.66,15.5,17.42
volume-4,urinary_bladder,20,7.74,0.6,-580.53,5.65,4.77,-590.61,9.16,3.82,-606.52,1.66,4.24,-596.91,5.49,4.28,-598.01,11.11,26.23,17.85,18.01
volume-4,kidney_right,1,90.6,-33.37,-389.3,83.45,-29.33,-363.52,83.58,-29.58,-382.39,75.06,-31.79,-373.92,80.7,-30.24,-373.27,27.06,10.55,21.92,19.1
volume-4,kidney_left,2,-86.84,-25.75,-389.26,-74.95,-28.58,-359.53,-67.67,-30.58,-373.99,-70.72,-33.17,-369.52,-71.11,-30.78,-367.68,32.14,24.97,26.54,27.17
volume-5,liver,4,57.36,-76.59,-289.68,65.12,-93.07,-282.26,73.34,-100.16,-271.25,64.11,-96.0,-280.72,67.52,-96.41,-278.08,19.67,33.92,22.43,25.12
volume-5,urinary_bladder,20,-21.87,-126.4,-542.95,-8.54,-118.11,-561.62,-2.9,-127.34,-539.12,-8.7,-116.92,-563.71,-6.71,-120.79,-554.82,24.39,19.38,26.35,20.05
volume-5,kidney_right,1,43.56,-144.21,-342.62,68.76,-143.69,-351.86,67.11,-155.38,-329.29,62.36,-151.84,-350.55,66.08,-150.3,-343.9,26.85,29.27,21.78,23.36
volume-5,kidney_left,2,-93.1,-145.5,-342.56,-95.05,-142.05,-352.21,-87.49,-159.91,-327.88,-98.64,-153.86,-351.53,-93.73,-151.94,-343.87,10.43,21.33,13.45,6.6
volume-6,liver,4,90.25,160.06,-857.91,77.8,175.34,-856.39,79.12,176.76,-844.98,75.11,177.67,-846.86,77.34,176.59,-849.41,19.77,23.88,25.72,22.63
volume-6,urinary_bladder,20,-7.4,182.39,-1171.38,-5.81,153.17,-1194.09,-1.75,156.11,-1169.73,-4.7,155.94,-1177.67,-4.08,155.07,-1180.49,37.05,26.94,27.32,28.99
volume-6,kidney_right,1,68.98,123.32,-950.32,77.51,122.75,-944.19,74.95,119.97,-922.62,72.1,121.38,-929.61,74.85,121.37,-932.14,10.52,28.53,21.04,19.21
volume-6,kidney_left,2,-84.02,129.95,-952.25,-86.59,127.8,-957.25,-76.31,121.69,-931.78,-82.69,123.66,-935.96,-81.87,124.38,-941.66,6.02,23.39,17.52,12.16
volume-7,liver,4,82.16,153.16,-1035.49,64.34,169.98,-1021.81,62.32,170.93,-1019.45,63.25,171.02,-1017.44,63.3,170.64,-1019.57,28.06,31.08,31.66,30.24
volume-7,urinary_bladder,20,-10.1,178.86,-1340.75,-18.04,153.03,-1362.66,-12.72,154.05,-1352.62,-18.0,154.72,-1354.08,-16.25,153.93,-1356.46,34.8,27.63,28.69,30.1
volume-7,kidney_right,1,57.22,115.17,-1121.79,62.77,117.7,-1110.8,61.56,115.2,-1098.98,60.55,114.5,-1099.65,61.63,115.8,-1103.14,12.58,23.23,22.4,19.18
volume-7,kidney_left,2,-94.37,132.18,-1128.53,-95.91,121.81,-1118.73,-84.21,116.67,-1107.84,-86.67,113.21,-1102.09,-88.93,117.23,-1109.55,14.35,27.78,33.44,24.76
volume-8,liver,4,84.8,144.81,-154.27,73.1,177.74,-144.51,67.33,169.77,-152.91,69.32,173.07,-152.19,69.91,173.52,-149.87,36.28,30.49,32.28,32.64
volume-8,urinary_bladder,20,-2.0,180.73,-487.94,-8.13,158.04,-491.35,-4.97,155.75,-491.47,-10.0,159.28,-490.3,-7.7,157.69,-491.04,23.75,25.4,23.02,23.94
volume-8,kidney_right,1,65.48,112.31,-245.16,72.02,125.26,-235.6,64.3,116.6,-239.07,66.14,120.73,-237.04,67.49,120.86,-237.24,17.38,7.55,11.72,11.83
volume-8,kidney_left,2,-87.63,122.8,-242.72,-86.95,127.69,-245.3,-79.26,116.48,-250.33,-84.12,120.58,-241.11,-83.44,121.58,-245.58,5.57,12.96,4.46,5.21
volume-9,liver,4,91.03,156.88,169.98,74.71,170.97,174.4,75.2,181.14,174.21,74.9,178.33,171.7,74.93,176.81,173.44,22.01,29.28,26.9,25.86
volume-9,urinary_bladder,20,-2.42,182.76,-141.76,-5.68,155.81,-171.8,-1.04,157.93,-163.19,-5.41,160.65,-161.12,-4.04,158.13,-165.37,40.48,32.83,29.54,34.16
volume-9,kidney_right,1,71.21,117.84,80.88,74.53,119.41,88.27,73.23,123.17,95.8,70.89,123.67,90.26,72.88,122.08,91.44,8.25,15.97,11.04,11.5
volume-9,kidney_left,2,-82.69,126.69,78.78,-80.17,121.72,79.46,-75.04,123.44,83.85,-80.95,123.06,87.49,-78.72,122.74,83.6,5.61,9.73,9.59,7.39
volume-10,liver,4,85.63,160.38,-181.7,66.74,174.83,-173.84,73.76,182.88,-168.86,63.25,173.37,-172.51,67.91,177.03,-171.74,25.05,28.5,27.46,26.27
volume-10,urinary_bladder,20,-4.1,171.33,-497.15,-9.73,157.75,-497.48,-7.32,159.05,-483.74,-11.97,157.21,-492.66,-9.68,158.0,-491.29,14.7,18.46,16.78,15.58
volume-10,kidney_right,1,63.76,122.23,-272.38,65.99,119.69,-254.47,70.81,123.99,-242.59,61.32,117.22,-249.85,66.04,120.3,-248.97,18.23,30.67,23.21,23.6
volume-10,kidney_left,2,-85.96,133.5,-275.86,-86.08,122.95,-262.1,-82.45,124.16,-249.63,-83.91,117.97,-250.94,-84.15,121.7,-254.23,17.34,28.06,29.43,24.71
volume-11,liver,4,68.81,188.57,-524.73,66.17,182.72,-524.81,62.72,181.1,-515.93,70.81,183.19,-517.95,66.56,182.34,-519.56,6.41,13.05,8.88,8.4
volume-11,urinary_bladder,20,-10.59,138.77,-809.64,-5.7,159.79,-827.53,-5.81,161.87,-809.71,-2.69,168.22,-816.53,-4.73,163.29,-817.92,28.03,23.59,31.26,26.54
volume-11,kidney_right,1,58.65,152.7,-614.16,67.17,130.21,-603.94,68.79,127.74,-582.62,68.75,127.74,-589.9,68.24,128.56,-592.15,26.13,41.48,36.25,34.04
volume-11,kidney_left,2,-68.57,141.18,-592.21,-85.94,129.76,-605.89,-76.3,126.61,-581.0,-81.88,126.82,-591.48,-81.37,127.73,-592.79,24.88,19.94,19.59,18.57
volume-12,liver,4,70.19,189.27,-86.85,68.73,174.79,-93.27,67.28,169.53,-90.2,75.88,179.04,-84.42,70.63,174.45,-89.3,15.9,20.24,11.95,15.02
volume-12,urinary_bladder,20,1.93,133.86,-380.13,0.89,152.56,-380.11,4.84,155.12,-381.97,3.0,156.77,-379.36,2.91,154.82,-380.48,18.73,21.54,22.95,20.98
volume-12,kidney_right,1,77.84,134.17,-168.67,70.61,121.13,-165.36,73.29,118.97,-157.41,74.96,121.03,-151.48,72.96,120.38,-158.08,15.26,19.45,21.83,18.06
volume-12,kidney_left,2,-74.59,131.63,-175.23,-75.94,121.24,-160.03,-69.81,118.67,-157.39,-73.7,121.1,-150.4,-73.15,120.34,-155.94,18.47,22.57,26.98,22.4
volume-13,liver,4,74.18,-133.56,446.76,62.57,-128.43,475.31,62.85,-119.86,434.62,57.87,-128.48,457.86,61.1,-125.59,455.93,31.25,21.53,20.38,17.86
volume-13,urinary_bladder,20,2.6,-128.51,177.76,-12.15,-145.32,171.09,-11.03,-150.8,163.21,-16.85,-139.65,176.78,-13.34,-145.26,170.36,23.34,29.91,22.44,24.28
volume-13,kidney_right,1,62.2,-171.34,371.37,66.17,-175.38,389.5,62.25,-178.86,365.98,58.06,-175.95,384.38,62.16,-176.73,379.95,18.99,9.26,14.41,10.13
volume-13,kidney_left,2,-82.95,-153.71,352.07,-90.32,-173.2,394.18,-82.74,-183.43,369.21,-84.34,-178.72,388.41,-85.8,-178.45,383.93,46.99,34.32,44.14,40.44
volume-14,liver,4,89.84,-160.44,327.61,72.39,-149.39,336.43,68.49,-152.14,345.97,70.36,-145.44,340.32,70.41,-148.99,340.91,22.46,29.36,27.68,26.18
volume-14,urinary_bladder,20,-0.19,-159.57,92.88,-1.84,-160.74,53.8,-1.52,-159.92,66.32,-0.31,-160.74,69.14,-1.23,-160.47,63.09,39.13,26.59,23.77,29.82
volume-14,kidney_right,1,80.03,-200.71,257.56,72.12,-197.56,264.81,68.05,-201.98,280.11,72.24,-195.97,277.77,70.8,-198.5,274.23,11.18,25.56,22.17,19.18
volume-14,kidney_left,2,-68.84,-205.45,276.93,-68.4,-197.19,273.68,-65.9,-203.15,282.79,-70.95,-198.56,278.93,-68.42,-199.63,278.47,8.89,6.95,7.48,6.03
volume-15,liver,4,85.78,-164.12,308.05,61.64,-152.13,302.06,61.51,-160.1,312.2,61.96,-154.98,307.55,61.7,-155.73,307.27,27.62,24.95,25.53,25.51
volume-15,urinary_bladder,20,-10.31,-157.02,54.74,-12.56,-164.04,32.02,-11.13,-165.47,46.46,-7.81,-167.2,30.58,-10.5,-165.57,36.35,23.89,11.86,26.34,20.28
volume-15,kidney_right,1,70.25,-210.17,238.14,59.57,-202.78,235.95,57.99,-207.61,250.08,65.57,-206.65,251.04,61.04,-205.68,245.69,13.17,17.31,14.17,12.73
volume-15,kidney_left,2,-73.99,-197.58,243.52,-75.8,-203.45,248.42,-73.08,-208.03,256.82,-75.15,-206.17,249.88,-74.68,-205.88,251.71,7.86,16.93,10.75,11.68
volume-16,liver,4,65.34,-2.33,-241.22,65.5,-11.05,-242.56,64.45,-21.41,-242.31,70.02,-10.88,-247.49,66.66,-14.45,-244.12,8.82,19.13,11.59,12.53
volume-16,urinary_bladder,20,9.45,-31.71,-486.16,5.33,-11.02,-493.56,6.0,-20.08,-493.64,10.62,-18.07,-492.38,7.32,-16.39,-493.19,22.35,14.24,15.03,16.98
volume-16,kidney_right,1,59.86,-63.36,-280.94,67.48,-52.57,-306.6,69.08,-58.59,-301.47,71.63,-58.02,-309.06,69.39,-56.39,-305.71,28.86,23.0,30.95,27.44
volume-16,kidney_left,2,-55.97,-66.31,-265.66,-53.36,-56.42,-297.47,-56.97,-61.01,-292.82,-54.37,-58.04,-300.56,-54.9,-58.49,-296.95,33.42,27.69,35.91,32.27
volume-17,liver,4,70.21,-124.3,-119.15,72.39,-133.25,-109.85,68.97,-133.62,-106.95,67.57,-138.58,-101.66,69.64,-135.15,-106.15,13.1,15.41,22.74,16.95
volume-17,urinary_bladder,20,2.89,-144.24,-385.65,-3.32,-160.31,-406.94,-0.52,-153.57,-391.13,-7.51,-156.35,-395.03,-3.78,-156.75,-397.7,27.38,11.35,18.52,18.6
volume-17,kidney_right,1,75.54,-196.04,-173.0,72.18,-186.06,-189.28,73.69,-186.54,-167.89,72.02,-190.14,-169.97,72.63,-187.58,-175.71,19.39,10.96,7.51,9.35
volume-17,kidney_left,2,-74.45,-190.26,-184.43,-87.89,-185.33,-194.55,-80.13,-189.16,-170.25,-78.42,-192.02,-167.36,-82.15,-188.84,-177.39,17.53,15.31,17.61,10.53
volume-18,liver,4,65.16,168.83,-330.43,57.36,164.19,-331.11,62.26,163.06,-327.19,66.32,170.77,-324.24,61.98,166.01,-327.51,9.1,7.22,6.59,5.15
volume-18,urinary_bladder,20,-9.34,148.98,-612.12,-7.9,139.39,-610.48,-4.55,144.64,-612.56,-7.48,147.5,-598.98,-6.64,143.84,-607.34,9.83,6.48,13.36,7.52
volume-18,kidney_right,1,59.29,100.66,-388.98,61.25,105.99,-388.88,61.78,109.03,-388.75,65.37,109.6,-380.6,62.8,108.21,-386.08,5.68,8.73,13.68,8.81
volume-18,kidney_left,2,-85.84,89.41,-366.25,-80.69,109.59,-386.04,-72.58,106.05,-383.0,-77.33,109.21,-376.72,-76.87,108.28,-381.92,28.73,27.08,23.95,26.12
volume-19,liver,4,64.89,5.29,-555.37,69.94,18.83,-504.68,66.98,23.17,-522.51,67.05,13.42,-507.41,67.99,18.47,-511.53,52.71,37.47,48.69,45.88
volume-19,urinary_bladder,20,16.28,9.27,-855.6,1.24,14.13,-781.5,-1.2,8.89,-791.65,-0.99,9.46,-778.41,-0.32,10.83,-783.85,75.78,66.3,79.11,73.66
volume-19,kidney_right,1,65.03,-27.25,-648.18,69.32,-36.51,-572.49,66.48,-30.28,-577.03,67.93,-29.07,-562.55,67.91,-31.95,-570.69,76.38,71.23,85.7,77.69
volume-19,kidney_left,2,-71.16,-18.8,-630.26,-75.45,-34.05,-562.82,-69.11,-33.61,-560.08,-73.19,-34.39,-557.35,-72.58,-34.02,-560.08,69.28,71.75,74.58,71.82
volume-20,liver,4,59.5,-8.16,336.24,70.26,45.28,555.98,68.13,92.55,427.25,75.32,105.75,420.49,71.24,81.19,467.9,226.4,136.01,142.55,159.55
volume-20,urinary_bladder,20,4.03,19.1,32.55,26.0,20.89,573.13,5.65,65.32,263.7,38.86,93.3,671.7,23.51,59.84,502.84,541.04,235.73,644.39,472.46
volume-20,brain,89,9.48,7.61,775.39,4.45,64.38,833.81,-0.79,44.51,790.41,-0.49,33.57,192.27,1.06,47.49,605.5,81.62,41.14,583.78,174.71
volume-20,kidney_right,1,85.11,59.5,256.92,73.55,-2.57,480.92,75.05,18.84,485.76,124.13,50.73,817.23,90.91,22.34,594.64,232.73,232.64,561.73,339.8
volume-20,kidney_left,2,-64.43,63.35,249.12,-68.9,4.41,391.91,-65.28,32.55,426.45,-27.24,64.02,781.13,-53.81,33.66,533.16,154.54,179.99,533.32,285.79
volume-21,liver,4,79.28,1.5,-315.81,67.15,-4.45,-281.06,63.88,-4.36,-277.92,63.74,-1.18,-274.67,64.92,-3.33,-277.89,37.29,41.33,44.06,40.84
volume-21,urinary_bladder,20,-3.19,-28.39,-575.56,-7.74,-13.23,-576.75,-9.08,-16.7,-576.75,-10.16,-15.98,-572.26,-8.99,-15.31,-575.25,15.87,13.14,14.61,14.31
volume-21,kidney_right,1,81.79,-29.08,-405.21,69.1,-55.16,-351.62,65.14,-59.18,-350.78,64.73,-52.92,-345.03,66.32,-55.75,-349.14,60.93,64.39,66.94,63.98
volume-21,kidney_left,2,-103.93,-46.52,-361.92,-79.7,-56.9,-346.52,-76.32,-58.48,-346.3,-83.14,-50.17,-343.19,-79.72,-55.18,-345.34,30.53,33.9,28.22,30.6
volume-22,liver,4,82.0,-2.31,-317.48,67.46,-2.13,-279.35,65.07,-3.7,-263.85,65.65,0.82,-270.05,66.06,-1.67,-271.09,40.81,56.26,50.26,49.06
volume-22,urinary_bladder,20,2.9,-29.1,-579.18,-5.13,-8.75,-582.28,-6.84,-15.44,-564.84,-4.0,-11.27,-560.85,-5.32,-11.82,-569.32,22.09,22.06,26.48,21.52
volume-22,kidney_right,1,75.94,-29.56,-403.47,68.82,-52.25,-351.89,65.89,-54.0,-336.74,65.4,-49.71,-336.61,66.7,-51.99,-341.75,56.8,71.77,70.63,66.32
volume-22,kidney_left,2,-99.18,-43.08,-365.89,-79.41,-52.52,-346.91,-76.27,-54.6,-331.17,-75.32,-50.11,-331.84,-77.0,-52.41,-336.64,28.97,43.16,42.17,37.87
volume-23,liver,4,67.32,130.43,-37.38,57.4,155.67,-45.66,56.88,149.7,-48.18,59.34,146.58,-41.74,57.87,150.65,-45.19,28.35,24.43,18.53,23.64
volume-23,urinary_bladder,20,21.38,103.98,-337.06,-2.75,133.58,-337.57,5.75,136.08,-325.38,2.57,130.83,-336.15,1.86,133.5,-333.03,38.2,37.57,32.8,35.62
volume-23,kidney_right,1,59.56,99.36,-114.78,59.58,96.94,-106.88,61.63,97.57,-107.83,62.59,93.04,-108.93,61.27,95.85,-107.88,8.25,7.47,9.13,7.92
volume-23,kidney_left,2,-66.44,107.0,-103.23,-71.31,96.48,-104.04,-64.98,93.27,-99.13,-68.04,93.33,-99.23,-68.11,94.36,-100.8,11.62,14.4,14.33,12.98
volume-24,liver,4,82.02,186.82,-347.63,70.01,187.83,-314.22,67.76,183.23,-310.08,68.75,184.07,-318.61,68.84,185.04,-314.31,35.51,40.32,32.02,35.88
volume-24,urinary_bladder,20,-7.4,164.01,-569.48,-5.92,158.06,-582.55,-6.89,162.2,-569.2,-6.14,165.11,-581.18,-6.32,161.79,-577.64,14.43,1.9,11.82,8.52
volume-24,kidney_right,1,79.16,109.12,-380.19,67.21,131.85,-368.54,67.32,126.55,-357.81,66.87,124.9,-366.73,67.13,127.77,-364.36,28.2,30.74,24.11,27.26
volume-24,kidney_left,2,-78.0,119.0,-383.2,-80.64,132.63,-369.02,-75.63,124.7,-350.35,-73.96,123.86,-361.84,-76.74,127.06,-360.4,19.85,33.42,22.27,24.21
volume-25,liver,4,40.63,156.5,1485.68,46.7,142.99,1485.08,50.03,144.11,1486.37,56.13,155.6,1492.79,50.95,147.57,1488.08,14.83,15.57,17.07,13.86
volume-25,urinary_bladder,20,-6.1,157.37,1214.41,-7.97,156.55,1204.51,-8.17,147.23,1210.5,-10.17,155.23,1214.88,-8.77,153.01,1209.96,10.11,11.06,4.62,6.78
volume-25,kidney_right,1,61.0,124.11,1406.04,50.24,98.31,1413.69,51.32,99.19,1423.25,57.02,107.99,1430.49,52.86,101.83,1422.48,28.98,31.8,29.56,28.86
volume-25,kidney_left,2,-83.5,113.57,1428.02,-73.2,93.61,1427.0,-70.9,98.43,1431.01,-73.88,106.19,1442.81,-72.66,99.41,1433.61,22.49,19.92,19.13,18.69
volume-26,liver,4,67.94,168.25,-621.21,76.7,150.42,-631.34,65.19,152.34,-596.11,71.9,154.69,-581.29,71.26,152.48,-602.92,22.3,29.84,42.35,24.38
volume-26,urinary_bladder,20,21.13,119.44,-831.16,11.77,146.39,-860.11,16.26,150.05,-840.55,13.92,149.69,-839.52,13.98,148.71,-846.73,40.64,32.38,32.2,33.91
volume-26,kidney_right,1,76.34,107.9,-663.51,75.14,103.41,-691.5,75.86,107.74,-654.23,76.17,111.74,-653.44,75.72,107.63,-666.39,28.38,9.29,10.77,2.96
volume-26,kidney_left,2,-58.13,100.18,-667.07,-43.26,100.82,-680.91,-51.77,105.36,-651.01,-48.4,107.5,-644.58,-47.81,104.56,-658.83,20.32,18.03,25.57,13.91
volume-27,liver,4,76.16,157.82,-668.04,79.54,147.01,-666.43,81.68,146.17,-650.15,76.98,146.5,-655.86,79.4,146.56,-657.48,11.44,22.06,16.65,15.78
volume-27,urinary_bladder,20,27.53,110.94,-930.17,18.3,144.63,-914.21,22.91,142.79,-912.07,16.13,145.34,-916.78,19.11,144.25,-914.35,38.41,36.92,38.63,37.82
volume-27,kidney_right,1,86.98,102.84,-723.5,79.9,98.27,-724.95,86.4,99.74,-708.33,77.61,98.95,-717.46,81.31,98.98,-716.91,8.55,15.5,11.82,9.52
volume-27,kidney_left,2,-44.22,94.3,-733.03,-46.69,94.76,-710.81,-48.39,98.73,-701.68,-49.18,97.33,-704.27,-48.09,96.94,-705.59,22.36,31.93,29.34,27.84
volume-28,liver,4,171.59,284.59,85.29,344.15,282.05,90.1,342.5,272.02,70.16,343.84,274.84,53.29,343.5,276.31,71.18,172.64,172.05,175.47,172.69
volume-28,kidney_right,1,379.26,192.85,73.5,337.98,223.69,44.26,339.47,214.11,51.15,339.56,208.13,-0.2,339.0,215.31,31.74,59.24,50.34,85.09,62.2
volume-28,kidney_left,2,159.2,256.92,24.08,197.44,221.2,45.52,196.83,215.33,54.0,194.74,206.81,-0.4,196.34,214.45,33.04,56.54,63.57,66.13,57.12
volume-29,liver,4,183.47,261.07,115.79,330.42,281.71,110.74,328.83,269.66,130.34,335.12,285.54,111.19,331.46,278.97,117.43,148.47,146.34,153.67,149.07
volume-29,kidney_right,1,329.71,197.7,81.81,323.06,216.7,56.35,325.21,220.13,96.48,325.0,215.26,66.54,324.42,217.36,73.12,32.46,27.17,23.74,22.14
volume-29,kidney_left,2,194.12,212.58,69.45,174.46,218.67,59.55,180.22,217.03,99.54,182.95,213.79,61.29,179.21,216.5,73.46,22.84,33.44,13.88,15.93
volume-30,liver,4,136.18,280.26,131.29,337.65,310.15,161.65,337.04,292.54,136.45,336.34,298.21,153.94,337.01,300.3,150.68,205.93,201.3,202.23,202.76
volume-30,kidney_right,1,344.34,240.26,85.52,335.55,252.61,112.12,332.08,239.88,110.76,329.13,232.31,105.22,332.26,241.6,109.37,30.61,28.06,26.13,26.77
volume-30,kidney_left,2,158.6,225.52,69.84,169.11,249.22,108.1,176.7,234.03,111.7,171.17,237.32,99.21,172.33,240.19,106.34,46.21,46.4,34.06,41.66
volume-31,liver,4,163.23,291.66,61.01,347.1,261.01,67.07,343.86,259.75,58.22,356.63,291.01,85.68,349.2,270.59,70.32,186.51,183.46,194.97,187.39
volume-31,kidney_right,1,371.77,204.34,34.22,336.97,198.28,62.99,336.37,200.96,36.09,343.53,204.41,66.02,338.96,201.22,55.03,45.55,35.61,42.53,38.98
volume-31,kidney_left,2,155.62,206.76,30.46,186.51,202.75,74.07,201.62,203.81,38.05,198.87,201.66,59.48,195.67,202.74,57.2,53.59,46.71,52.33,48.32
volume-32,liver,4,183.3,307.77,90.1,354.81,301.03,103.98,350.15,279.21,79.95,362.21,295.5,84.25,355.72,291.91,89.4,172.2,169.59,179.42,173.15
volume-32,kidney_right,1,351.37,210.86,40.42,348.0,229.69,55.05,345.25,222.41,39.32,351.07,226.27,50.77,348.11,226.12,48.38,24.08,13.12,18.57,17.52
volume-32,kidney_left,2,167.34,220.34,41.32,188.65,234.99,53.21,197.53,221.89,40.86,202.01,226.02,39.92,196.06,227.63,44.66,28.46,30.23,35.16,29.82
volume-33,liver,4,144.24,290.93,92.39,345.35,285.37,105.56,345.24,279.94,81.16,346.73,293.92,97.36,345.77,286.41,94.69,201.62,201.61,202.57,201.6
volume-33,kidney_right,1,362.22,203.39,50.49,337.83,217.34,73.78,338.8,222.1,66.69,333.91,214.22,54.92,336.85,217.88,65.13,36.48,34.06,30.63,32.68
volume-33,kidney_left,2,150.57,215.13,34.43,171.96,230.86,79.33,181.38,217.83,64.56,180.91,216.9,45.88,178.08,221.87,63.26,52.16,43.17,32.47,40.41
volume-34,liver,4,170.37,255.58,108.66,317.27,235.91,101.77,322.14,232.03,84.4,327.79,246.07,93.63,322.4,238.0,93.27,148.37,155.48,158.42,153.81
volume-34,kidney_right,1,351.26,188.36,43.74,320.16,184.25,50.76,321.49,176.45,38.54,323.88,171.37,36.67,321.84,177.36,41.99,32.14,32.48,32.99,31.45
volume-34,kidney_left,2,164.81,227.57,23.76,171.61,174.1,53.47,172.39,172.16,35.17,166.5,172.09,30.47,170.17,172.79,39.7,61.55,57.08,55.91,57.31
volume-35,liver,4,202.46,294.25,76.08,342.19,257.27,57.12,342.27,242.94,40.82,359.54,262.14,65.89,348.0,254.11,54.61,145.77,153.04,160.65,152.48
volume-35,kidney_right,1,382.97,192.82,54.22,339.13,192.4,14.77,338.58,181.81,3.04,349.82,177.89,17.27,342.51,184.03,11.69,58.98,68.64,51.84,59.35
volume-35,kidney_left,2,193.11,257.63,30.81,189.72,192.73,7.36,201.33,178.23,2.76,198.61,182.7,6.32,196.55,184.55,5.48,69.09,84.6,79.02,77.41
volume-36,liver,4,160.12,285.49,62.48,323.87,272.4,66.47,325.13,261.9,63.02,334.38,274.14,63.46,327.8,269.48,64.32,164.33,166.69,174.63,168.45
volume-36,kidney_right,1,339.81,218.96,19.6,323.97,212.44,18.59,324.16,203.92,23.73,324.0,194.92,21.04,324.04,203.76,21.12,17.16,22.08,28.81,21.95
volume-36,kidney_left,2,154.73,220.85,21.76,173.81,205.89,17.64,178.44,202.68,20.17,180.09,194.59,17.9,177.45,201.05,18.57,24.59,29.91,36.71,30.3
volume-37,liver,4,188.24,328.03,76.81,340.16,307.36,67.24,348.74,297.99,58.86,351.76,310.2,73.38,346.89,305.18,66.5,153.62,164.28,164.53,160.62
volume-37,kidney_right,1,357.46,234.62,34.19,339.24,248.02,14.08,344.63,241.2,14.11,344.28,232.86,24.65,342.72,240.7,17.61,30.27,24.72,16.36,23.0
volume-37,kidney_left,2,175.29,243.95,33.04,195.15,243.66,14.69,196.46,238.7,12.75,204.07,233.36,27.05,198.56,238.57,18.16,27.05,29.79,31.25,28.14
volume-38,liver,4,159.8,270.76,89.39,340.21,258.85,84.07,333.54,245.47,84.55,357.23,270.48,98.51,343.66,258.27,89.05,180.88,175.64,197.64,184.28
volume-38,kidney_right,1,350.98,191.78,42.75,329.86,186.09,48.35,329.97,190.41,61.26,341.1,187.33,66.57,333.64,187.94,58.73,22.58,28.04,26.17,23.89
volume-38,kidney_left,2,162.25,205.35,34.0,175.12,191.47,45.94,187.89,190.67,61.95,190.6,191.5,61.52,184.54,191.21,56.47,22.38,40.67,41.87,34.66
volume-39,liver,4,199.93,287.53,163.35,325.77,274.81,178.05,327.46,274.7,180.24,330.56,275.49,171.34,327.93,275.0,176.54,127.33,129.28,131.43,129.29
volume-39,kidney_right,1,366.07,208.84,123.6,329.37,230.31,110.76,329.8,224.57,120.17,333.62,225.71,106.7,330.93,226.86,112.54,44.42,39.68,40.29,41.01
volume-39,kidney_left,2,166.36,230.52,106.14,181.77,221.8,120.47,186.14,219.84,127.72,183.36,227.48,104.08,183.76,223.04,117.42,22.78,31.16,17.39,22.04
volume-40,liver,4,153.49,300.78,78.87,330.9,264.45,78.8,326.79,246.29,64.15,344.66,274.92,91.61,334.12,261.89,78.19,181.09,182.27,193.33,184.77
volume-40,kidney_right,1,360.11,201.51,32.4,322.41,195.73,46.25,318.47,189.42,45.09,332.6,195.19,61.99,324.5,193.45,51.11,40.58,45.18,40.9,41.03
volume-40,kidney_left,2,155.65,193.58,38.43,161.45,199.66,49.23,177.37,188.55,45.36,181.72,194.44,54.12,173.52,194.21,49.57,13.69,23.35,30.45,21.07
volume-41,liver,4,167.86,270.1,67.4,325.39,247.85,81.14,327.12,252.52,54.84,325.44,261.43,56.97,325.98,253.93,64.32,159.69,160.71,158.16,158.97
volume-41,kidney_right,1,335.73,178.22,46.4,316.98,192.82,58.21,318.86,195.64,33.31,318.67,187.12,36.99,318.17,191.86,42.84,26.54,27.56,21.41,22.52
volume-41,kidney_left,2,173.49,186.84,44.98,174.89,191.75,59.94,179.94,197.02,33.04,184.78,189.0,35.07,179.87,192.59,42.68,15.81,16.96,15.18,8.89
volume-42,liver,4,173.05,310.24,78.5,341.24,314.14,84.38,341.98,315.02,91.88,346.95,326.88,104.52,343.39,318.68,93.59,168.34,169.52,176.62,171.22
volume-42,kidney_right,1,345.81,232.82,53.29,332.07,251.45,55.65,340.47,261.1,70.28,332.79,251.55,78.83,335.11,254.7,68.25,23.28,33.42,34.24,28.59
volume-42,kidney_left,2,181.57,244.2,36.32,178.38,255.98,55.57,188.49,262.0,74.16,194.58,248.1,77.32,187.15,255.36,69.02,22.8,42.39,43.19,35.0
volume-43,liver,4,162.02,257.12,104.5,330.18,250.31,98.75,334.71,241.87,76.54,339.04,264.03,95.72,334.64,252.07,90.34,168.4,175.61,177.37,173.28
volume-43,kidney_right,1,376.44,188.2,51.76,332.59,198.26,44.46,331.86,186.5,34.1,337.66,190.34,40.53,334.04,191.7,39.7,45.58,47.99,40.44,44.23
volume-43,kidney_left,2,160.78,220.87,31.77,183.22,184.77,45.36,185.57,180.29,32.11,181.03,192.9,32.5,183.27,185.99,36.66,44.63,47.55,34.54,41.79
volume-44,liver,4,180.21,330.87,70.05,341.98,267.13,91.69,336.51,261.1,93.07,345.41,296.14,105.56,341.3,274.79,96.77,175.22,172.71,172.51,172.66
volume-44,kidney_right,1,366.97,207.5,34.48,333.72,203.17,70.68,331.29,208.39,82.63,334.89,203.36,78.62,333.3,204.97,77.31,49.34,59.94,54.72,54.54
volume-44,kidney_left,2,170.55,207.1,41.79,172.76,212.07,81.25,187.68,209.72,87.36,187.42,208.01,72.8,182.62,209.94,80.47,39.84,48.76,35.32,40.62
volume-45,liver,4,181.67,254.46,46.59,322.42,221.97,30.67,313.1,221.78,26.07,330.08,251.21,44.41,321.87,231.65,33.72,145.33,136.98,148.47,142.62
volume-45,kidney_right,1,342.46,174.62,18.31,313.51,168.01,25.52,309.62,163.21,-1.43,323.4,166.47,18.03,315.51,165.9,14.04,30.56,39.98,20.73,28.65
volume-45,kidney_left,2,169.89,166.09,16.89,175.38,164.05,46.88,195.03,165.9,6.43,188.82,169.55,11.79,186.41,166.5,21.7,30.55,27.23,19.91,17.21
volume-46,liver,4,189.41,266.48,53.8,321.28,264.05,41.36,321.65,254.99,60.81,322.21,272.98,40.56,321.71,264.01,47.57,132.48,132.92,133.61,132.47
volume-46,kidney_right,1,335.12,201.84,43.51,318.47,206.82,38.74,322.05,205.09,59.37,317.77,203.34,20.26,319.43,205.08,39.45,18.02,20.8,29.06,16.53
volume-46,kidney_left,2,176.34,208.83,35.27,200.05,202.24,40.84,201.22,207.72,52.67,202.72,208.07,34.48,201.33,206.01,42.66,25.23,30.37,26.4,26.21
volume-47,liver,4,173.23,286.14,175.04,339.96,269.09,211.2,343.46,261.36,234.77,338.68,266.71,219.24,340.7,265.72,221.74,171.45,182.09,172.35,175.05
volume-47,kidney_right,1,320.13,196.28,141.5,332.98,209.53,184.81,343.13,210.74,218.19,331.74,199.87,192.56,335.95,206.71,198.52,47.08,81.36,52.48,60.09
volume-47,kidney_left,2,165.91,204.49,134.1,171.87,220.01,205.53,187.76,206.79,221.68,177.26,201.3,185.72,178.96,209.36,204.31,73.33,90.29,52.95,71.58
volume-48,liver,4,73.28,16.97,-284.96,80.87,15.56,-301.62,74.69,21.67,-323.74,69.2,17.67,-310.27,74.92,18.3,-311.88,18.36,39.09,25.65,27.0
volume-48,urinary_bladder,20,6.64,-4.39,-574.38,-0.39,-5.13,-586.52,-0.22,-9.59,-588.97,-5.94,-8.07,-581.17,-2.18,-7.6,-585.56,14.04,16.94,14.76,14.59
volume-48,kidney_right,1,74.05,-50.97,-355.95,80.06,-39.32,-375.64,76.85,-39.05,-393.07,69.54,-40.23,-379.43,75.48,-39.53,-382.71,23.65,39.09,26.2,29.14
volume-48,kidney_left,2,-64.49,-29.9,-399.22,-77.57,-37.86,-373.79,-72.2,-37.44,-389.4,-77.44,-39.66,-375.23,-75.74,-38.32,-379.48,29.68,14.58,28.95,24.23
volume-49,liver,4,70.6,-140.84,-275.33,56.25,-136.45,-276.39,62.51,-128.48,-287.02,50.95,-130.23,-273.82,56.57,-131.72,-279.08,15.05,18.84,22.38,17.15
volume-49,urinary_bladder,20,10.23,-124.54,-557.61,-13.01,-142.75,-555.11,-5.54,-147.35,-555.51,-15.39,-140.48,-546.87,-11.31,-143.53,-552.5,29.63,27.82,32.03,29.17
volume-49,kidney_right,1,58.12,-197.7,-320.94,58.38,-180.41,-345.65,59.9,-182.13,-349.34,51.54,-182.25,-339.61,56.61,-181.6,-344.87,30.16,32.43,25.12,28.88
volume-49,kidney_left,2,-59.38,-194.37,-320.6,-77.27,-185.65,-336.42,-78.98,-182.43,-345.43,-79.87,-182.63,-325.36,-78.71,-183.57,-335.74,25.42,33.82,24.09,26.82
volume-50,liver,4,73.52,8.13,-261.07,76.39,27.63,-257.95,83.57,39.35,-235.76,80.62,25.41,-239.0,80.2,30.8,-244.24,19.95,41.43,28.91,29.01
volume-50,urinary_bladder,20,21.65,-8.16,-532.14,12.16,17.62,-510.99,12.81,24.55,-502.14,12.8,7.34,-499.17,12.59,16.5,-504.1,34.67,45.26,37.5,38.43
volume-50,kidney_right,1,69.66,-51.14,-310.75,79.17,-20.66,-307.76,80.96,-12.46,-296.36,83.04,-27.31,-302.02,81.06,-20.14,-302.05,32.07,42.79,28.69,34.15
volume-50,kidney_left,2,-45.12,-61.31,-314.02,-56.11,-25.28,-299.56,-61.05,-16.87,-287.48,-57.92,-26.39,-290.97,-58.36,-22.85,-292.67,40.35,54.17,43.76,45.95
volume-51,liver,4,70.58,208.36,93.71,76.62,190.91,108.72,73.01,196.9,103.33,68.39,190.65,99.44,72.67,192.82,103.83,23.8,15.16,18.74,18.66
volume-51,kidney_right,1,88.88,141.89,35.57,74.97,137.72,38.07,73.2,134.83,22.7,68.68,132.4,31.12,72.28,134.98,30.63,14.74,21.48,22.76,18.64
volume-51,kidney_left,2,-83.43,153.07,12.07,-80.27,137.85,41.92,-74.71,136.44,33.15,-76.97,133.55,37.43,-77.32,135.95,37.5,33.65,28.23,32.65,31.26
volume-52,liver,4,58.56,7.88,-305.95,64.26,16.86,-316.23,60.66,6.95,-329.74,58.45,9.87,-309.39,61.12,11.23,-318.45,14.8,23.9,3.98,13.2
volume-52,urinary_bladder,20,-1.23,-10.7,-557.97,-0.6,8.51,-590.06,0.99,7.7,-583.38,-4.12,12.28,-572.23,-1.24,9.5,-581.89,37.41,31.45,27.21,31.31
volume-52,kidney_right,1,59.95,-66.07,-335.69,63.29,-33.45,-379.07,66.54,-36.4,-376.17,59.44,-38.73,-364.04,63.09,-36.19,-373.09,54.38,50.62,39.39,47.97
volume-52,kidney_left,2,-77.58,-56.74,-339.98,-70.45,-34.22,-371.87,-66.48,-36.29,-369.76,-72.68,-37.49,-358.88,-69.87,-36.0,-366.84,39.69,37.79,27.42,34.8
volume-53,liver,4,40.25,38.71,1637.32,53.38,49.75,1655.52,52.02,43.31,1662.75,52.27,39.39,1656.45,52.56,44.15,1658.24,25.01,28.4,22.61,24.88
volume-53,kidney_right,1,32.7,-1.52,1564.55,51.65,-3.16,1589.15,52.04,-7.72,1617.64,53.7,-13.37,1593.58,52.47,-8.08,1600.12,31.09,56.84,37.74,41.22
volume-53,kidney_left,2,-96.84,5.33,1614.49,-96.93,-0.55,1593.78,-94.31,-11.2,1626.14,-93.82,-12.4,1592.64,-95.02,-8.05,1604.19,21.53,20.38,28.3,16.99
volume-54,liver,4,73.76,16.64,-274.6,62.79,8.98,-273.72,64.85,22.8,-265.88,62.25,11.8,-265.69,63.29,14.53,-268.43,13.41,13.91,15.35,12.33
volume-54,urinary_bladder,20,0.73,12.19,-562.12,-7.6,-0.66,-578.58,-4.22,2.54,-576.59,-9.01,0.81,-582.13,-6.94,0.9,-579.1,22.48,18.08,25.0,21.79
volume-54,kidney_right,1,85.5,-27.1,-365.93,64.36,-42.07,-355.47,67.42,-31.27,-339.55,62.46,-39.44,-345.27,64.74,-37.6,-346.76,27.95,32.26,33.32,30.15
volume-54,kidney_left,2,-95.9,-41.75,-354.66,-84.1,-40.88,-359.8,-82.77,-32.95,-344.27,-82.94,-39.55,-346.33,-83.27,-37.79,-350.13,12.9,18.91,15.56,13.99
volume-55,liver,4,80.45,-18.91,1.23,73.88,-14.87,-2.34,74.59,-19.04,8.48,74.14,-15.2,9.32,74.21,-16.37,5.15,8.5,9.32,10.91,7.8
volume-55,urinary_bladder,20,30.05,-76.72,-280.65,18.33,-13.26,-304.53,20.77,-15.32,-289.9,20.58,-16.27,-298.35,19.89,-14.95,-297.59,68.81,62.78,63.7,64.85
volume-55,kidney_right,1,84.74,-60.84,-63.87,78.38,-59.59,-73.79,80.76,-60.4,-63.65,78.65,-61.68,-65.2,79.26,-60.56,-67.55,11.85,4.0,6.29,6.6
volume-55,kidney_left,2,-40.33,-68.18,-66.33,-44.64,-62.64,-68.51,-40.99,-61.6,-60.61,-37.73,-62.27,-50.63,-41.12,-62.17,-59.92,7.36,8.75,16.98,8.83
volume-56,liver,4,60.2,-130.37,1332.26,57.18,-131.26,1340.19,58.97,-131.78,1342.71,58.1,-132.74,1339.91,58.08,-131.93,1340.94,8.54,10.62,8.28,9.07
volume-56,urinary_bladder,20,-16.07,-152.1,1046.32,-18.61,-153.96,1035.53,-14.21,-150.11,1037.27,-18.53,-152.34,1025.39,-17.12,-152.14,1032.73,11.24,9.45,21.08,13.63
volume-56,kidney_right,1,62.44,-183.53,1267.21,56.05,-185.84,1265.77,59.42,-184.98,1271.95,56.52,-186.7,1264.5,57.33,-185.84,1267.41,6.95,5.81,7.25,5.62
volume-56,kidney_left,2,-80.29,-184.14,1270.87,-92.29,-182.75,1261.54,-87.85,-184.9,1269.7,-88.52,-184.62,1263.63,-89.55,-184.09,1264.96,15.26,7.68,10.97,10.99
volume-57,liver,4,86.01,-26.52,-64.07,76.35,-20.94,-69.22,78.26,-11.6,-60.58,80.65,-10.76,-69.52,78.42,-14.44,-66.44,12.29,17.17,17.52,14.47
volume-57,urinary_bladder,20,8.22,1.59,-343.66,12.35,-17.95,-372.07,16.82,-16.47,-360.91,12.9,-19.86,-370.79,14.02,-18.09,-367.92,34.72,26.41,34.89,31.77
volume-57,kidney_right,1,77.71,-76.39,-142.96,75.66,-65.91,-147.56,79.45,-59.58,-137.19,81.89,-59.55,-144.16,79.0,-61.68,-142.97,11.62,17.86,17.39,14.77
volume-57,kidney_left,2,-65.45,-78.35,-126.15,-54.46,-66.72,-143.35,-56.47,-59.65,-133.74,-55.58,-59.9,-137.86,-55.51,-62.09,-138.31,23.49,22.09,23.97,22.61
volume-58,liver,4,50.18,-122.42,1363.7,50.35,-133.4,1365.73,56.87,-128.2,1371.75,57.34,-123.86,1374.2,54.85,-128.49,1370.56,11.17,11.95,12.79,10.28
volume-58,urinary_bladder,20,7.8,-149.1,1102.99,-4.51,-143.46,1095.94,-0.19,-137.42,1110.46,-7.55,-140.51,1109.42,-4.08,-140.46,1105.28,15.27,16.01,18.73,14.87
volume-58,kidney_right,1,52.57,-167.33,1300.59,58.62,-183.42,1303.94,62.71,-174.63,1313.45,60.73,-178.26,1316.93,60.69,-178.77,1311.44,17.51,17.93,21.29,17.74
volume-58,kidney_left,2,-72.53,-174.69,1304.99,-75.34,-182.42,1309.01,-72.82,-177.73,1323.55,-77.15,-179.36,1325.57,-75.11,-179.84,1319.38,9.15,18.82,21.61,15.5
volume-59,liver,4,83.56,-117.11,-176.41,72.28,-107.62,-190.77,69.81,-117.81,-189.21,73.85,-114.85,-177.65,71.98,-113.43,-185.88,20.58,18.79,10.04,15.4
volume-59,urinary_bladder,20,5.91,-122.11,-438.22,0.62,-145.28,-470.07,4.78,-137.55,-455.15,0.47,-142.84,-452.52,1.96,-141.89,-459.25,39.74,22.94,25.76,29.14
volume-59,kidney_right,1,84.27,-170.0,-255.38,70.46,-167.1,-251.85,75.49,-171.11,-251.24,77.6,-171.8,-238.87,74.52,-170.01,-247.32,14.55,9.77,17.89,12.65
volume-59,kidney_left,2,-66.46,-163.17,-253.95,-80.96,-164.8,-250.89,-63.43,-173.32,-240.18,-67.13,-174.05,-237.78,-70.51,-170.72,-242.95,14.91,17.37,19.5,13.95
volume-60,liver,4,64.27,-118.02,765.6,64.78,-118.52,765.01,68.78,-121.27,763.46,67.88,-114.61,765.21,67.15,-118.14,764.56,0.93,5.96,4.98,3.06
volume-60,urinary_bladder,20,-4.13,-158.34,460.87,-3.88,-136.85,458.63,-2.59,-143.4,458.18,-5.7,-135.24,455.88,-4.06,-138.5,457.56,21.61,15.25,23.68,20.11
volume-60,kidney_right,1,71.58,-154.79,662.23,67.88,-167.63,677.31,71.52,-173.66,688.36,66.84,-168.93,681.96,68.75,-170.07,682.54,20.15,32.23,24.73,25.58
volume-60,kidney_left,2,-85.33,-170.19,702.05,-87.09,-167.65,676.1,-82.35,-176.82,680.91,-86.79,-167.94,677.75,-85.41,-170.8,678.25,26.13,22.35,24.44,23.8
volume-61,liver,4,51.99,-106.17,-254.93,67.22,-114.05,-269.84,61.3,-114.29,-263.99,63.91,-115.6,-259.51,64.14,-114.65,-264.45,22.72,15.33,15.88,17.61
volume-61,urinary_bladder,20,-9.83,-109.68,-572.41,0.36,-125.05,-584.65,-1.45,-128.47,-571.25,-2.55,-123.11,-569.77,-1.21,-125.54,-575.23,22.13,20.6,15.5,18.27
volume-61,kidney_right,1,69.06,-170.02,-365.19,71.37,-162.34,-358.54,69.25,-159.65,-343.91,66.14,-162.03,-343.74,68.92,-161.34,-348.73,10.42,23.68,23.08,18.61
volume-61,kidney_left,2,-74.87,-171.94,-360.03,-83.63,-160.73,-363.1,-77.61,-161.09,-348.14,-82.07,-162.96,-346.56,-81.1,-161.6,-352.6,14.56,16.32,17.71,14.18
volume-62,liver,4,48.3,-135.9,708.83,52.6,-144.55,728.12,49.19,-147.19,732.0,55.19,-148.05,730.39,52.33,-146.6,730.17,21.57,25.79,25.69,24.21
volume-62,urinary_bladder,20,4.01,-143.16,482.3,-0.4,-149.39,491.5,-2.0,-153.74,494.62,-2.96,-152.23,484.2,-1.79,-151.79,490.11,11.96,17.32,11.6,13.0
volume-62,kidney_right,1,47.71,-192.35,672.9,58.41,-192.0,692.28,56.0,-195.6,697.06,59.52,-192.69,677.76,57.98,-193.43,689.03,22.14,25.74,12.78,19.15
volume-62,kidney_left,2,-67.19,-190.35,683.22,-65.06,-194.07,702.67,-63.99,-199.52,710.46,-65.03,-198.15,692.19,-64.69,-197.25,701.77,19.91,28.92,12.08,19.95
volume-63,liver,4,95.46,-1.28,-189.09,93.39,-7.58,-185.15,89.65,-2.21,-190.58,92.84,-1.68,-188.11,91.96,-3.82,-187.95,7.72,6.07,2.83,4.48
volume-63,urinary_bladder,20,20.01,9.83,-501.71,19.23,-11.56,-515.73,23.39,-14.72,-516.92,20.63,-8.79,-506.5,21.08,-11.69,-513.05,25.59,29.08,19.23,24.35
volume-63,kidney_right,1,84.16,-44.8,-272.32,94.89,-50.13,-282.36,95.01,-47.77,-278.78,95.38,-44.79,-278.65,95.09,-47.56,-279.93,15.64,12.98,12.88,13.61
volume-63,kidney_left,2,-40.27,-49.47,-275.21,-59.08,-46.38,-290.5,-52.73,-47.1,-284.25,-55.16,-44.87,-279.89,-55.65,-46.11,-284.88,24.43,15.56,16.26,18.47
volume-64,liver,4,111.66,-105.92,762.2,107.31,-117.04,777.97,107.55,-120.16,770.73,100.45,-121.9,786.27,105.1,-119.7,778.32,19.78,17.1,30.99,22.2
volume-64,urinary_bladder,20,36.6,-130.83,490.58,32.04,-146.27,479.71,31.2,-148.65,462.1,34.79,-140.67,480.75,32.68,-145.2,474.19,19.42,34.03,14.03,22.15
volume-64,kidney_right,1,108.33,-176.81,708.75,106.2,-173.96,704.77,105.8,-181.55,693.43,101.01,-177.53,713.17,104.34,-177.68,703.79,5.34,16.24,8.58,6.43
volume-64,kidney_left,2,-41.81,-197.67,713.08,-52.42,-171.81,698.34,-45.15,-181.98,692.18,-49.24,-177.07,712.79,-48.94,-176.96,701.11,31.59,26.33,21.9,24.96
volume-65,liver,4,47.85,44.21,1770.84,59.49,18.56,1773.89,64.72,18.43,1786.2,65.47,12.49,1785.97,63.23,16.5,1782.02,28.33,34.42,39.31,33.61
volume-65,urinary_bladder,20,23.41,2.67,1517.93,7.75,5.57,1517.74,11.57,10.55,1529.32,8.22,2.41,1530.37,9.18,6.18,1525.81,15.93,18.22,19.64,16.64
volume-65,kidney_right,1,72.52,-43.99,1750.35,66.96,-28.95,1728.87,71.18,-27.03,1732.68,72.24,-33.99,1730.81,70.13,-29.99,1730.79,26.81,24.53,21.95,24.18
volume-65,kidney_left,2,-53.19,-50.75,1755.51,-48.17,-31.36,1737.65,-52.41,-30.63,1744.99,-51.27,-38.57,1744.68,-50.62,-33.52,1742.44,26.84,22.72,16.41,21.78
volume-66,liver,4,77.78,173.43,1124.23,52.02,187.76,1116.13,57.83,176.51,1123.66,56.98,180.28,1127.71,55.61,181.52,1122.5,30.57,20.19,22.18,23.66
volume-66,urinary_bladder,20,-29.72,183.93,875.13,-21.68,155.86,842.25,-20.88,155.63,840.18,-17.75,154.81,856.47,-20.11,155.44,846.3,43.97,45.83,36.59,41.66
volume-66,kidney_right,1,56.68,126.58,1050.54,48.69,127.66,1056.71,54.53,119.37,1054.79,57.52,121.55,1066.59,53.58,122.86,1059.36,10.16,8.65,16.85,10.07
volume-66,kidney_left,2,-91.24,125.42,1070.45,-94.82,130.41,1060.68,-85.43,119.38,1057.21,-85.86,122.06,1071.66,-88.7,123.95,1063.18,11.54,15.66,6.45,7.83
volume-67,liver,4,75.29,-87.8,197.73,82.32,-104.54,203.08,89.41,-101.28,200.32,84.62,-105.47,214.77,85.45,-103.76,206.06,18.93,19.69,26.26,20.67
volume-67,urinary_bladder,20,18.74,-109.45,-70.3,21.02,-113.83,-58.11,20.92,-114.09,-50.82,18.45,-118.07,-57.38,20.13,-115.33,-55.44,13.15,20.15,15.54,16.05
volume-67,kidney_right,1,80.94,-142.96,146.99,88.82,-148.54,149.73,93.58,-149.75,149.79,89.91,-149.85,149.11,90.77,-149.38,149.55,10.04,14.62,11.51,12.02
volume-67,kidney_left,2,-40.01,-148.56,166.91,-52.28,-158.65,159.74,-52.58,-155.12,160.63,-51.24,-154.07,154.27,-52.03,-155.95,158.21,17.43,15.51,17.79,16.58
volume-68,liver,4,31.53,23.38,-290.42,52.1,21.13,-249.38,52.5,9.82,-245.83,51.75,13.74,-245.47,52.12,14.9,-246.89,45.97,51.11,50.23,48.9
volume-68,urinary_bladder,20,3.73,8.58,-518.18,-10.33,9.43,-532.05,-14.34,6.46,-526.37,-9.24,9.08,-526.5,-11.31,8.33,-528.31,19.77,19.96,15.42,18.13
volume-68,kidney_right,1,67.44,-45.07,-322.83,55.71,-26.89,-318.27,53.5,-37.19,-307.0,53.65,-36.73,-310.81,54.29,-33.6,-312.03,22.11,22.52,20.11,20.53
volume-68,kidney_left,2,-75.11,-41.15,-309.63,-77.3,-31.12,-301.01,-79.05,-36.36,-300.99,-79.64,-36.19,-303.31,-78.66,-34.56,-301.77,13.4,10.63,9.22,10.85
volume-69,liver,4,70.38,-118.15,1532.01,62.56,-118.15,1544.59,59.47,-110.07,1554.01,58.52,-114.45,1547.82,60.18,-114.22,1548.81,14.82,25.86,20.11,20.04
volume-69,urinary_bladder,20,-5.07,-132.07,1224.22,-15.17,-141.33,1235.91,-12.17,-137.92,1250.04,-17.87,-134.94,1246.73,-15.07,-138.06,1244.23,18.01,27.41,26.05,23.16
volume-69,kidney_right,1,67.39,-154.77,1430.97,61.92,-173.22,1465.75,60.22,-171.2,1487.64,56.72,-172.22,1474.86,59.62,-172.21,1476.09,39.76,59.44,48.43,49.0
volume-69,kidney_left,2,-82.85,-160.55,1458.27,-95.93,-170.72,1457.54,-90.82,-172.81,1485.76,-93.99,-171.25,1471.34,-93.58,-171.59,1471.55,16.59,31.14,20.24,20.34
volume-70,liver,4,-49.23,-0.22,134.14,52.42,7.3,116.12,51.15,7.43,119.73,54.78,13.15,124.28,52.78,9.29,120.04,103.52,101.69,105.33,103.42
volume-70,urinary_bladder,20,-9.27,6.62,-170.41,-2.67,11.73,-173.48,-0.98,6.71,-158.0,3.18,10.47,-157.05,-0.16,9.64,-162.85,8.89,14.92,18.66,12.22
volume-70,kidney_right,1,53.54,-46.43,81.87,55.08,-35.77,47.45,56.05,-33.63,48.3,59.31,-32.91,57.34,56.81,-34.1,51.03,36.07,36.02,28.6,33.37
volume-70,kidney_left,2,-66.46,-39.88,62.11,-57.31,-40.33,55.85,-56.08,-35.28,60.57,-59.98,-34.7,70.73,-57.79,-36.77,62.38,11.09,11.45,11.96,9.21
volume-71,liver,4,53.71,-140.11,1427.24,60.22,-142.75,1416.08,57.31,-135.75,1420.69,61.07,-138.62,1430.54,59.54,-139.04,1422.44,13.19,8.65,8.2,7.62
volume-71,urinary_bladder,20,-5.99,-146.13,1126.67,-4.37,-143.46,1121.5,-2.57,-136.29,1128.34,-6.8,-134.99,1147.73,-4.58,-138.24,1132.52,6.04,10.56,23.85,9.93
volume-71,kidney_right,1,65.7,-165.8,1321.79,59.92,-185.79,1339.61,58.57,-175.14,1350.0,69.91,-179.31,1367.4,62.8,-180.08,1352.33,27.4,30.56,47.75,33.84
volume-71,kidney_left,2,-65.45,-188.56,1374.62,-73.41,-189.14,1353.79,-70.52,-180.04,1360.65,-67.46,-185.68,1377.39,-70.46,-184.95,1363.94,22.3,17.13,4.47,12.33
volume-72,liver,4,71.12,13.13,-302.56,68.97,26.57,-306.87,61.44,18.8,-299.53,67.23,20.02,-297.03,65.88,21.8,-301.14,14.28,11.61,9.65,10.22
volume-72,kidney_right,1,65.43,-35.19,-378.59,66.54,-37.77,-370.5,63.99,-41.25,-367.51,72.25,-33.6,-365.14,67.59,-37.54,-367.72,8.56,12.71,15.16,11.33
volume-72,kidney_left,2,-91.42,-31.08,-369.32,-73.99,-36.26,-370.68,-70.96,-41.62,-367.12,-74.84,-33.6,-368.7,-73.26,-37.16,-368.83,18.23,23.12,16.78,19.15
volume-73,liver,4,89.79,214.5,1196.54,84.28,202.88,1202.89,91.63,201.44,1190.27,84.46,208.98,1203.8,86.79,204.44,1198.98,14.34,14.6,10.56,10.78
volume-73,urinary_bladder,20,-6.04,173.59,899.28,8.78,182.66,896.11,6.16,179.39,890.94,9.82,189.48,909.59,8.25,183.85,898.88,17.66,15.88,24.7,17.6
volume-73,kidney_right,1,81.92,144.14,1134.88,88.73,157.28,1116.05,86.45,151.31,1111.63,83.96,159.47,1121.51,86.38,156.02,1116.4,23.94,24.75,20.44,22.42
volume-73,kidney_left,2,-74.98,149.85,1138.67,-75.87,158.53,1109.56,-78.04,147.55,1102.78,-80.82,163.19,1118.72,-78.24,156.42,1110.35,30.38,36.09,24.7,29.25
volume-74,liver,4,85.57,-4.99,-38.4,90.98,-8.61,-40.67,88.39,0.27,-40.39,93.22,5.24,-33.38,90.86,-1.03,-38.15,6.89,6.29,13.73,6.62
volume-74,urinary_bladder,20,16.33,-14.89,-368.53,19.33,-18.68,-381.03,21.95,-12.88,-366.72,19.62,-5.85,-355.03,20.3,-12.47,-367.59,13.4,6.24,16.58,4.74
volume-74,kidney_right,1,101.22,-32.1,-138.02,95.0,-51.61,-139.13,92.73,-38.82,-132.82,95.81,-36.47,-124.75,94.52,-42.3,-132.23,20.51,12.01,14.99,13.51
volume-74,kidney_left,2,-83.04,-37.95,-153.51,-65.84,-48.37,-153.48,-60.04,-42.74,-138.29,-66.34,-33.71,-129.19,-64.08,-41.61,-140.32,20.12,27.99,29.81,23.39
volume-75,liver,4,79.21,185.68,-420.1,61.61,165.99,-411.43,55.56,162.82,-407.76,62.49,161.56,-407.62,59.88,163.46,-408.94,27.81,35.14,31.9,31.5
volume-75,urinary_bladder,20,6.03,144.13,-669.7,-7.27,141.68,-706.94,-5.85,143.7,-694.71,-5.13,143.79,-715.32,-6.09,143.06,-705.66,39.62,27.7,46.97,37.96
volume-75,kidney_right,1,78.36,114.07,-459.08,61.27,107.88,-483.64,59.33,107.52,-480.08,61.34,106.52,-484.79,60.65,107.31,-482.84,30.55,29.08,31.74,30.39
volume-75,kidney_left,2,-72.33,114.31,-462.81,-83.83,110.19,-485.43,-77.17,108.05,-477.79,-77.66,108.12,-484.51,-79.55,108.79,-482.57,25.7,16.94,23.19,21.76
volume-76,liver,4,-70.92,43.09,113.46,74.42,38.89,127.0,67.74,36.26,141.62,73.71,47.05,140.3,71.96,40.73,136.31,146.03,141.65,147.15,144.71
volume-76,urinary_bladder,20,0.3,-0.01,-130.99,-5.42,0.81,-135.94,-7.19,-0.86,-123.94,-10.07,1.14,-136.7,-7.56,0.36,-132.19,7.61,10.32,11.89,7.96
volume-76,kidney_right,1,77.69,-39.94,89.18,69.54,-24.06,73.7,68.57,-28.11,89.46,67.03,-27.28,86.94,68.38,-26.49,83.36,23.63,14.94,16.7,17.36
volume-76,kidney_left,2,-68.65,-38.81,69.25,-92.79,-16.0,71.07,-82.03,-30.73,94.64,-86.91,-27.85,81.78,-87.24,-24.86,82.5,33.26,29.82,24.7,26.75
volume-77,liver,4,83.24,29.1,1638.27,87.01,43.45,1646.07,93.45,50.32,1640.98,81.13,37.63,1636.58,87.19,43.8,1641.21,16.76,23.7,8.95,15.5
volume-77,urinary_bladder,20,-5.6,-2.93,1331.97,6.04,13.03,1346.12,5.34,10.16,1334.41,1.63,14.35,1346.75,4.34,12.51,1342.43,24.3,17.24,23.86,21.13
volume-77,kidney_right,1,72.18,-39.52,1542.04,88.57,-11.17,1571.95,87.08,-17.4,1577.03,75.31,-23.5,1568.87,83.65,-17.36,1572.62,44.34,43.99,31.4,39.47
volume-77,kidney_left,2,-85.77,-12.66,1515.1,-73.69,-5.92,1564.1,-76.77,-20.43,1570.08,-76.46,-22.32,1564.61,-75.64,-16.22,1566.26,50.92,56.26,51.3,52.28
volume-78,liver,4,66.25,41.72,-42.22,59.82,45.96,-33.05,52.95,39.75,-30.03,56.63,41.66,-41.13,56.47,42.46,-34.74,11.97,18.15,9.68,12.34
volume-78,urinary_bladder,20,-3.86,42.54,-323.98,-13.17,35.91,-354.66,-10.2,36.13,-348.15,-8.87,34.61,-348.38,-10.75,35.55,-350.4,32.74,25.8,26.14,28.18
volume-78,kidney_right,1,49.21,-3.78,-116.55,57.84,0.72,-123.53,54.75,-6.58,-109.78,58.99,-4.54,-125.71,57.2,-3.47,-119.67,11.98,9.18,13.43,8.58
volume-78,kidney_left,2,-94.37,-6.21,-115.14,-83.38,0.6,-124.04,-79.22,-5.24,-111.04,-77.98,-2.98,-121.21,-80.19,-2.54,-118.76,15.7,15.73,17.77,15.09
volume-79,liver,4,103.85,185.48,1235.16,81.59,201.28,1251.75,79.83,199.02,1258.13,79.58,199.93,1259.97,80.33,200.08,1256.62,31.95,35.89,37.6,35.02
volume-79,urinary_bladder,20,-0.54,171.41,977.45,1.84,171.87,958.46,5.85,171.3,970.56,1.58,172.12,968.5,3.09,171.76,965.84,19.15,9.4,9.23,12.17
volume-79,kidney_right,1,84.88,138.29,1191.51,80.25,144.84,1176.44,78.17,139.53,1196.21,72.93,136.37,1199.98,77.12,140.25,1190.88,17.07,8.29,14.78,8.03
volume-79,kidney_left,2,-65.87,139.53,1189.69,-84.11,150.13,1173.97,-76.27,135.49,1196.1,-82.18,136.53,1193.07,-80.85,140.72,1187.71,26.31,12.87,16.92,15.16
volume-80,liver,4,46.03,-144.6,1082.99,45.83,-154.68,1083.43,46.0,-154.58,1092.7,48.9,-151.6,1086.87,46.91,-153.62,1087.67,10.09,13.92,8.5,10.2
volume-80,urinary_bladder,20,-8.66,-156.84,798.49,-7.59,-162.29,801.16,-7.34,-161.43,812.81,-8.56,-157.6,807.93,-7.83,-160.44,807.3,6.15,15.09,9.47,9.55
volume-80,kidney_right,1,51.58,-177.44,999.59,49.13,-207.12,1016.78,50.4,-201.69,1029.48,51.43,-202.11,1021.96,50.32,-203.64,1022.74,34.38,38.5,33.3,34.98
volume-80,kidney_left,2,-74.71,-191.13,1025.07,-67.58,-209.32,1026.22,-69.18,-203.64,1039.54,-73.83,-202.39,1035.58,-70.19,-205.12,1033.78,19.57,19.92,15.43,17.09
volume-81,liver,4,52.61,15.96,-107.41,62.38,13.09,-106.64,62.73,8.08,-106.97,66.79,13.41,-109.48,63.97,11.53,-107.7,10.21,12.84,14.56,12.2
volume-81,urinary_bladder,20,13.65,-0.92,-403.89,5.9,6.38,-385.95,3.89,4.59,-392.24,8.11,8.89,-397.7,5.97,6.62,-391.96,20.86,16.16,12.85,16.07
volume-81,kidney_right,1,81.19,-29.21,-185.51,68.21,-35.13,-169.48,67.73,-36.11,-179.12,70.12,-30.96,-183.13,68.69,-34.07,-177.24,21.46,16.42,11.46,15.76
volume-81,kidney_left,2,-51.49,-43.97,-183.78,-54.69,-36.2,-163.9,-60.71,-34.69,-171.88,-59.82,-33.97,-175.37,-58.41,-34.95,-170.38,21.58,17.68,15.5,17.57
volume-82,liver,4,25.11,22.7,1498.93,41.9,9.67,1499.32,45.0,18.23,1513.57,45.47,13.54,1502.75,44.12,13.82,1505.21,21.25,25.1,22.65,21.91
volume-82,urinary_bladder,20,2.07,6.46,1216.33,-11.83,-1.69,1225.25,-6.82,3.89,1233.92,-13.12,0.71,1230.7,-10.59,0.97,1229.96,18.41,19.88,21.69,19.39
volume-82,kidney_right,1,34.13,-29.1,1418.89,45.0,-43.88,1441.7,51.28,-35.27,1449.93,48.87,-38.1,1446.42,48.38,-39.08,1446.02,29.27,35.99,32.5,32.23
volume-82,kidney_left,2,-79.78,-39.44,1450.82,-68.97,-46.1,1453.73,-70.31,-36.73,1461.77,-75.29,-39.98,1457.07,-71.52,-40.94,1457.52,13.02,14.73,7.71,10.74
volume-83,liver,4,44.58,148.46,-456.09,60.15,140.45,-471.41,59.6,133.17,-471.91,62.75,138.79,-470.93,60.83,137.47,-471.42,23.27,26.64,25.38,24.9
volume-83,urinary_bladder,20,-4.5,143.23,-744.42,-0.52,142.81,-728.79,-4.09,139.42,-734.14,2.89,136.88,-729.9,-0.57,139.7,-730.94,16.14,10.97,17.49,14.48
volume-83,kidney_right,1,52.99,120.92,-529.3,62.8,99.57,-516.21,62.05,96.06,-531.73,63.69,89.22,-526.25,62.85,94.95,-524.73,26.89,26.57,33.6,28.15
volume-83,kidney_left,2,-60.6,108.09,-507.42,-56.45,93.8,-506.91,-68.3,93.21,-520.22,-57.47,86.01,-512.66,-60.74,91.01,-513.26,14.89,21.09,22.9,18.05
volume-84,liver,4,87.34,199.48,-253.58,85.54,204.05,-223.7,84.11,199.5,-214.52,84.63,198.9,-211.78,84.76,200.82,-216.67,30.28,39.19,41.89,37.03
volume-84,urinary_bladder,20,11.62,174.91,-511.51,11.9,177.86,-544.22,8.38,175.48,-532.06,8.78,178.1,-529.38,9.69,177.15,-535.22,32.84,20.81,18.37,23.89
volume-84,kidney_right,1,85.78,135.49,-330.29,86.3,153.4,-317.08,84.87,146.65,-290.86,85.96,147.47,-295.58,85.71,149.17,-301.17,22.26,40.98,36.71,32.17
volume-84,kidney_left,2,-60.74,120.48,-305.27,-76.81,150.2,-318.64,-68.81,142.95,-298.41,-70.83,146.68,-297.63,-72.15,146.61,-304.89,36.33,24.84,29.1,28.51
volume-85,liver,4,63.79,-139.86,400.62,56.14,-125.65,407.75,60.63,-117.49,414.51,63.53,-120.62,414.27,60.1,-121.26,412.18,17.64,26.52,23.59,22.21
volume-85,urinary_bladder,20,4.5,-153.76,103.29,-1.13,-128.86,131.12,0.67,-125.72,149.02,-2.25,-126.81,147.2,-0.9,-127.13,142.45,37.76,53.78,51.96,47.66
volume-85,kidney_right,1,53.38,-154.17,313.7,63.54,-171.0,339.91,66.83,-168.93,357.21,67.09,-167.81,353.51,65.82,-169.25,350.21,32.76,47.87,44.26,41.41
volume-85,kidney_left,2,-51.53,-158.42,334.03,-70.99,-172.89,345.99,-64.22,-168.59,364.36,-68.29,-170.51,361.83,-67.83,-170.66,357.39,27.04,34.41,34.64,31.01
volume-86,liver,4,75.19,-105.54,-543.41,71.21,-116.37,-523.54,64.03,-123.03,-513.21,69.77,-112.96,-502.21,68.34,-117.45,-512.99,22.98,36.64,42.21,33.38
volume-86,urinary_bladder,20,0.85,-144.11,-796.72,-1.01,-143.58,-804.95,1.2,-141.68,-803.33,-6.26,-144.51,-787.25,-2.02,-143.26,-798.51,8.46,7.05,11.85,3.49
volume-86,kidney_right,1,83.52,-184.75,-606.91,69.6,-176.7,-587.63,66.69,-177.24,-579.31,67.46,-178.4,-563.22,67.91,-177.45,-576.72,25.11,33.2,46.98,34.76
volume-86,kidney_left,2,-80.54,-183.92,-599.59,-81.74,-174.77,-590.71,-74.81,-178.67,-576.34,-81.52,-176.27,-564.4,-79.36,-176.57,-577.15,12.81,24.52,36.03,23.65
volume-87,liver,4,81.91,6.11,1888.2,93.36,36.55,1902.65,82.79,41.37,1880.45,89.08,32.49,1885.45,88.41,36.8,1889.52,35.59,36.11,27.47,31.4
volume-87,urinary_bladder,20,-0.17,-3.08,1529.99,11.92,5.36,1587.52,11.5,9.69,1569.48,11.07,16.88,1571.56,11.5,10.65,1576.19,59.39,43.11,47.46,49.58
volume-87,kidney_right,1,82.45,-56.72,1811.11,94.74,-9.89,1829.0,86.53,-13.08,1814.0,88.36,-16.25,1805.76,89.87,-13.07,1816.25,51.61,43.93,41.24,44.57
volume-87,kidney_left,2,-78.27,-59.52,1812.92,-70.99,-6.61,1830.48,-68.73,-20.87,1813.67,-73.84,-15.96,1813.45,-71.19,-14.48,1819.2,56.21,39.82,43.79,46.02
volume-88,liver,4,85.16,27.42,1761.31,78.29,46.04,1782.12,76.42,45.56,1772.97,71.23,44.26,1790.97,75.32,45.29,1782.02,28.76,23.27,36.84,29.07
volume-88,urinary_bladder,20,5.27,35.43,1520.55,1.49,29.66,1489.77,8.76,34.96,1484.78,-1.14,28.43,1502.93,3.04,31.02,1492.49,31.54,35.95,20.01,28.49
volume-88,kidney_right,1,74.42,-16.0,1688.41,76.83,-5.1,1708.39,78.91,-7.24,1701.43,70.57,-7.61,1723.83,75.43,-6.65,1711.22,22.88,16.32,36.6,24.67
volume-88,kidney_left,2,-86.92,-6.54,1681.89,-71.4,-6.13,1716.09,-66.88,-7.42,1709.13,-71.9,-9.21,1728.2,-70.06,-7.59,1717.81,37.56,33.84,48.77,39.7
volume-89,liver,4,48.7,31.68,1693.55,49.11,45.57,1663.04,51.19,51.9,1650.74,51.09,50.96,1673.11,50.46,49.48,1662.3,33.53,47.41,28.21,36.01
volume-89,urinary_bladder,20,-2.41,29.75,1378.32,-24.2,36.87,1369.65,-21.71,38.54,1370.07,-19.78,42.59,1383.69,-21.9,39.33,1374.47,24.51,22.75,22.26,22.06
volume-89,kidney_right,1,51.68,-2.36,1620.41,49.68,-2.44,1588.18,52.39,-1.36,1584.3,51.12,2.09,1610.34,51.06,-0.57,1594.27,32.29,36.14,11.03,26.21
volume-89,kidney_left,2,-70.68,10.95,1600.28,-92.83,-1.19,1597.79,-89.67,-1.96,1589.04,-89.42,0.89,1614.09,-90.64,-0.75,1600.31,25.39,25.57,25.36,23.14
volume-90,liver,4,85.51,59.77,1927.97,77.25,46.9,1931.88,75.23,44.92,1930.95,69.66,45.44,1960.79,74.05,45.75,1941.21,15.79,18.3,39.16,22.43
volume-90,kidney_right,1,85.3,-25.12,1893.21,74.36,-6.59,1867.34,74.07,-10.08,1867.56,72.77,-3.06,1895.58,73.74,-6.58,1876.83,33.65,31.79,25.48,27.32
volume-90,kidney_left,2,-49.46,-30.63,1917.84,-71.91,-5.23,1877.24,-68.37,-8.35,1873.3,-71.01,-4.84,1898.32,-70.43,-6.14,1882.95,52.89,53.27,38.87,47.5
volume-91,liver,4,91.35,13.07,1873.64,90.63,13.44,1894.29,94.29,23.45,1884.03,88.11,13.77,1890.98,91.01,16.89,1889.77,20.66,14.98,17.66,16.58
volume-91,urinary_bladder,20,14.16,-16.83,1619.87,13.0,-2.58,1607.36,23.69,-3.5,1603.19,9.52,2.0,1610.88,15.4,-1.36,1607.14,19.0,23.38,21.38,20.07
volume-91,kidney_right,1,84.75,-54.24,1832.71,91.91,-33.48,1819.92,98.82,-37.26,1812.62,88.05,-38.96,1828.49,92.93,-36.57,1820.34,25.41,29.83,16.19,23.06
volume-91,kidney_left,2,-62.06,-61.47,1835.48,-65.01,-28.28,1824.43,-60.18,-37.12,1815.15,-66.39,-39.19,1820.26,-63.86,-34.86,1819.94,35.1,31.78,27.33,30.86
volume-92,liver,4,68.95,10.12,1739.3,62.8,16.5,1748.62,65.61,18.49,1759.54,61.76,16.71,1744.64,63.39,17.23,1750.93,12.85,22.16,11.12,14.72
volume-92,urinary_bladder,20,4.12,3.09,1483.4,-5.42,6.35,1469.98,0.27,6.59,1468.78,-3.98,10.68,1459.81,-3.04,7.87,1466.19,16.79,15.52,26.08,19.25
volume-92,kidney_right,1,69.7,-47.33,1687.83,65.01,-31.77,1682.69,67.47,-31.69,1689.69,63.51,-31.4,1680.44,65.33,-31.62,1684.27,17.05,15.92,18.62,16.7
volume-92,kidney_left,2,-75.0,-36.12,1677.54,-73.75,-35.62,1697.82,-72.64,-33.12,1697.94,-72.58,-32.45,1686.26,-72.99,-33.73,1694.01,20.32,20.75,9.76,16.75
volume-93,liver,4,45.68,19.56,1845.77,61.03,16.1,1868.82,64.5,27.91,1840.95,59.71,27.4,1842.33,61.75,23.8,1850.7,27.91,21.15,16.44,17.34
volume-93,urinary_bladder,20,-1.41,22.51,1618.88,-4.2,17.65,1598.81,-4.74,13.62,1571.17,1.72,14.52,1581.62,-2.41,15.26,1583.87,20.84,48.65,38.24,35.77
volume-93,kidney_right,1,51.63,-11.75,1749.85,62.27,-21.81,1805.95,64.45,-23.15,1771.36,62.69,-20.33,1781.68,63.14,-21.76,1786.33,57.98,27.52,34.77,39.54
volume-93,kidney_left,2,-69.4,-16.39,1772.11,-74.01,-21.51,1809.1,-72.19,-24.1,1777.99,-70.93,-22.89,1780.55,-72.38,-22.83,1789.21,37.63,10.09,10.76,18.52
volume-94,liver,4,70.91,171.48,-227.73,83.16,172.18,-221.25,82.49,185.86,-217.86,79.21,176.66,-227.5,81.62,178.24,-222.2,13.87,20.94,9.78,13.81
volume-94,urinary_bladder,20,-8.84,149.57,-516.0,4.3,153.47,-519.23,6.0,155.22,-500.01,4.24,151.52,-515.57,4.85,153.4,-511.6,14.08,22.53,13.23,14.88
volume-94,kidney_right,1,78.04,90.63,-279.32,81.35,122.18,-295.19,81.66,120.47,-287.66,78.61,119.12,-296.3,80.54,120.59,-293.05,35.48,31.2,33.18,33.06
volume-94,kidney_left,2,-77.16,103.5,-292.59,-74.37,125.95,-290.55,-67.59,116.96,-286.01,-69.45,117.76,-293.63,-70.47,120.22,-290.07,22.71,17.77,16.24,18.18
volume-95,liver,4,56.17,27.51,1765.13,74.94,25.42,1830.78,71.49,26.91,1818.54,73.64,25.34,1831.58,73.36,25.89,1826.97,68.31,55.57,68.75,64.2
volume-95,urinary_bladder,20,22.04,-15.4,1480.1,1.36,14.9,1521.19,-1.18,5.35,1520.96,0.98,14.9,1525.83,0.39,11.72,1522.66,55.09,51.38,58.77,54.92
volume-95,kidney_right,1,85.9,-36.76,1730.79,76.15,-25.61,1754.58,73.48,-30.57,1748.99,74.97,-22.5,1764.01,74.87,-26.23,1755.86,28.02,22.89,37.76,29.34
volume-95,kidney_left,2,-63.76,-29.93,1732.09,-78.16,-21.87,1756.56,-70.48,-29.14,1749.64,-77.1,-24.07,1765.86,-75.25,-25.03,1757.35,29.52,18.81,36.78,28.18
volume-96,liver,4,87.92,174.83,221.99,78.45,162.13,251.34,83.02,169.6,259.14,79.92,168.12,255.51,80.46,166.62,255.33,33.35,37.83,35.11,35.14
volume-96,urinary_bladder,20,11.46,161.72,-69.23,5.5,152.66,-80.1,10.44,151.33,-59.49,6.36,152.76,-72.57,7.43,152.25,-70.72,15.35,14.28,10.84,10.4
volume-96,kidney_right,1,88.11,116.48,151.5,77.14,110.36,168.32,82.41,115.11,184.78,78.19,113.56,175.38,79.25,113.01,176.16,20.99,33.79,26.02,26.43
volume-96,kidney_left,2,-67.73,109.35,164.64,-66.43,113.08,163.85,-65.12,114.52,181.4,-62.87,113.74,175.54,-64.81,113.78,173.6,4.02,17.73,12.72,10.41
volume-97,liver,4,71.92,189.32,-286.9,77.45,187.28,-280.28,71.49,173.81,-286.01,73.78,185.24,-282.54,74.24,182.11,-282.94,8.86,15.54,6.25,8.54
volume-97,urinary_bladder,20,10.84,158.07,-574.16,1.97,153.5,-571.63,3.12,151.56,-578.79,1.01,158.36,-572.44,2.03,154.47,-574.29,10.29,11.11,9.98,9.51
volume-97,kidney_right,1,65.79,121.32,-344.0,74.42,127.85,-351.68,72.56,115.61,-348.58,75.05,127.29,-351.89,74.01,123.58,-350.72,13.27,9.96,13.56,10.85
volume-97,kidney_left,2,-82.04,148.04,-367.27,-88.6,130.67,-355.85,-74.51,114.72,-348.48,-78.27,129.17,-351.92,-80.46,124.85,-352.09,21.8,38.98,24.61,27.76
volume-98,liver,4,63.25,156.15,-222.62,58.44,161.04,-213.64,64.47,168.78,-219.12,66.06,166.44,-224.5,62.99,165.42,-219.09,11.3,13.15,10.83,9.92
volume-98,urinary_bladder,20,-4.03,167.1,-517.0,-5.02,151.21,-503.11,2.55,154.89,-496.97,-1.79,156.97,-509.87,-1.42,154.36,-503.32,21.13,24.37,12.59,18.88
volume-98,kidney_right,1,50.86,102.56,-276.95,60.78,108.94,-277.71,63.25,114.14,-271.25,63.4,108.54,-284.16,62.48,110.54,-277.71,11.83,17.89,15.66,14.12
volume-98,kidney_left,2,-64.9,98.69,-259.67,-73.93,109.02,-272.16,-74.19,112.76,-266.48,-72.48,108.12,-276.18,-73.53,109.97,-271.61,18.56,18.19,20.47,18.56
volume-99,liver,4,70.32,-110.28,355.46,66.15,-99.38,348.0,69.62,-111.84,354.6,68.6,-101.71,377.12,68.12,-104.31,359.9,13.85,1.92,23.35,7.76
volume-99,urinary_bladder,20,-9.78,-139.44,82.93,1.0,-130.49,75.11,0.06,-130.31,89.11,-2.85,-127.73,114.66,-0.59,-129.51,92.96,16.05,14.79,34.52,16.84
volume-99,kidney_right,1,59.71,-145.22,278.45,66.88,-163.01,293.18,71.94,-165.13,297.24,74.08,-157.97,326.49,70.97,-162.04,305.64,24.18,29.98,51.74,33.89
volume-99,kidney_left,2,-75.46,-178.85,316.05,-72.23,-159.54,297.8,-66.66,-168.91,305.44,-65.19,-164.21,329.37,-68.03,-164.22,310.87,26.77,17.0,22.3,17.21
volume-100,urinary_bladder,20,0.12,-141.51,107.53,-4.18,-129.54,96.6,-3.78,-127.59,98.0,-4.56,-127.35,109.52,-4.17,-128.16,101.37,16.77,17.32,15.05,15.32
volume-100,kidney_right,1,67.46,-165.08,304.93,70.1,-162.95,321.82,66.89,-167.8,332.11,67.62,-167.63,333.87,68.2,-166.13,329.27,17.23,27.32,29.06,24.37
volume-100,kidney_left,2,-79.31,-160.46,312.66,-76.83,-164.11,321.54,-75.97,-166.14,331.58,-77.95,-168.35,335.25,-76.92,-166.2,329.46,9.91,20.03,23.96,17.91
volume-101,liver,4,60.75,205.34,-270.18,67.37,187.28,-259.94,70.21,193.85,-257.68,67.56,194.76,-252.8,68.38,191.96,-256.81,21.79,19.44,21.46,20.4
volume-101,urinary_bladder,20,-7.8,178.58,-539.18,-12.59,171.15,-567.97,-11.71,176.34,-556.94,-11.5,173.12,-554.95,-11.93,173.54,-559.95,30.12,18.32,17.1,21.77
volume-101,kidney_right,1,62.65,135.45,-347.86,62.85,134.63,-342.4,66.17,140.84,-325.89,67.26,139.77,-322.36,65.43,138.41,-330.22,5.53,22.89,26.27,18.1
volume-101,kidney_left,2,-84.41,135.28,-335.98,-92.26,134.61,-346.83,-87.65,138.87,-323.39,-83.14,137.5,-321.53,-87.68,137.0,-330.58,13.41,13.48,14.68,6.54
volume-102,liver,4,80.28,-116.09,408.31,72.11,-110.96,417.55,74.06,-110.72,419.6,75.39,-107.8,423.39,73.85,-109.83,420.18,13.36,13.97,17.9,14.89
volume-102,urinary_bladder,20,-5.13,-134.54,128.31,1.34,-131.58,109.89,4.16,-130.09,131.61,1.94,-127.75,136.17,2.48,-129.8,125.89,19.75,10.82,12.56,9.28
volume-102,kidney_right,1,61.99,-171.17,331.57,75.59,-157.16,337.23,74.63,-161.51,351.79,76.83,-159.1,347.34,75.68,-159.26,345.46,20.33,25.73,24.79,22.85
volume-102,kidney_left,2,-88.67,-152.02,336.75,-77.71,-157.0,334.89,-70.1,-164.9,353.79,-74.82,-158.26,349.62,-74.21,-160.05,346.1,12.18,28.3,19.9,19.0
volume-103,liver,4,114.08,-135.29,414.16,102.4,-107.1,412.1,96.52,-113.96,423.0,100.4,-120.31,417.31,99.78,-113.79,417.47,30.58,29.0,20.53,26.03
volume-103,urinary_bladder,20,5.7,-139.87,116.55,17.78,-134.44,113.77,25.51,-134.13,119.25,20.92,-136.13,115.81,21.41,-134.9,116.28,13.53,20.81,15.7,16.48
volume-103,kidney_right,1,99.81,-183.03,348.06,99.08,-159.35,336.78,97.78,-167.02,351.58,99.25,-172.53,343.34,98.7,-166.3,343.9,26.24,16.52,11.53,17.27
volume-103,kidney_left,2,-61.76,-179.92,342.64,-60.43,-159.6,336.03,-51.24,-169.21,348.46,-51.61,-173.99,342.4,-54.43,-167.6,342.3,21.4,16.1,11.76,14.34
volume-104,liver,4,45.06,43.66,1722.73,49.94,37.87,1772.04,46.8,37.06,1781.18,49.4,42.0,1787.66,48.71,38.98,1780.29,49.88,58.84,65.09,57.86
volume-104,kidney_right,1,70.79,10.86,1647.82,51.31,-8.76,1708.28,48.83,-3.59,1730.91,51.8,-4.26,1734.66,50.65,-5.54,1724.62,66.48,87.15,90.17,81.07
volume-104,kidney_left,2,-86.53,-0.21,1654.49,-78.54,-9.0,1723.0,-76.7,-4.98,1737.96,-79.33,-6.08,1735.79,-78.19,-6.68,1732.25,69.53,84.19,81.83,78.48
volume-105,liver,4,91.91,193.75,-418.93,93.12,186.43,-385.51,90.13,192.52,-390.91,83.77,184.73,-402.26,89.01,187.89,-392.9,34.23,28.1,20.63,26.85
volume-105,urinary_bladder,20,16.86,169.96,-723.03,15.64,167.13,-689.85,21.78,166.3,-694.69,13.47,160.52,-707.28,16.96,164.65,-697.27,33.32,29.0,18.67,26.3
volume-105,kidney_right,1,90.64,124.84,-479.04,93.99,133.25,-458.6,94.05,132.42,-468.68,85.77,129.09,-477.68,91.27,131.59,-468.32,22.35,13.29,6.61,12.68
volume-105,kidney_left,2,-71.88,122.23,-488.29,-63.57,134.79,-458.01,-59.06,135.8,-463.48,-63.95,126.9,-480.54,-62.19,132.5,-467.35,33.82,31.05,12.03,25.26
volume-106,liver,4,59.33,16.89,1733.0,62.29,23.85,1738.09,66.27,21.35,1744.31,60.88,16.51,1729.09,63.14,20.57,1737.17,9.12,14.0,4.22,6.74
volume-106,urinary_bladder,20,15.58,-12.22,1460.18,-1.03,16.59,1459.18,2.66,17.55,1470.24,5.06,17.48,1457.14,2.23,17.21,1462.19,33.27,33.97,31.65,32.37
volume-106,kidney_right,1,65.45,-17.74,1660.59,63.89,-25.06,1670.81,68.78,-23.77,1681.11,65.11,-28.28,1664.63,65.93,-25.71,1672.18,12.67,21.65,11.29,14.07
volume-106,kidney_left,2,-65.36,-17.7,1653.13,-70.01,-28.46,1680.78,-66.55,-24.16,1687.98,-63.87,-32.09,1674.39,-66.81,-28.24,1681.05,30.04,35.47,25.72,29.88
volume-107,liver,4,33.06,42.12,1796.33,45.81,26.21,1815.46,48.31,29.67,1821.68,44.06,29.84,1845.38,46.06,28.58,1827.5,27.96,32.1,51.75,36.4
volume-107,urinary_bladder,20,-8.78,-7.5,1531.35,-26.33,13.82,1548.41,-22.79,16.06,1539.72,-27.04,15.48,1571.57,-25.39,15.12,1553.23,32.46,28.66,49.79,35.59
volume-107,kidney_right,1,45.51,-31.42,1767.74,45.98,-23.86,1747.52,50.55,-22.96,1755.1,46.47,-21.82,1779.69,47.67,-22.88,1760.77,21.6,16.02,15.35,11.23
volume-107,kidney_left,2,-88.97,-15.37,1731.02,-93.76,-23.94,1757.29,-93.6,-23.69,1763.49,-95.38,-21.54,1786.41,-94.25,-23.06,1769.07,28.05,33.83,56.1,39.17
volume-108,liver,4,62.43,13.66,1856.34,63.44,34.51,1850.21,60.87,22.51,1838.51,58.42,30.53,1844.82,60.91,29.18,1844.51,21.76,19.96,20.81,19.57
volume-108,urinary_bladder,20,-1.66,-4.67,1532.56,-13.48,9.75,1547.97,-17.42,0.14,1532.91,-13.26,10.16,1543.24,-14.72,6.68,1541.37,24.18,16.48,21.64,19.42
volume-108,kidney_right,1,67.73,-36.82,1745.65,63.78,-16.31,1774.92,60.36,-32.6,1764.48,59.16,-23.09,1773.8,61.1,-24.0,1771.07,35.96,20.66,32.47,29.23
volume-108,kidney_left,2,-81.38,-32.68,1739.92,-90.11,-15.25,1785.81,-82.81,-32.09,1772.78,-86.86,-25.39,1779.48,-86.59,-24.24,1779.36,49.86,32.9,40.6,40.67
volume-109,liver,4,57.19,55.39,1764.6,80.12,35.39,1796.15,81.2,45.66,1811.89,76.66,43.92,1798.64,79.33,41.66,1802.23,43.83,53.92,40.87,45.77
volume-109,urinary_bladder,20,15.27,15.04,1522.15,10.45,33.39,1520.51,18.57,36.36,1545.47,11.11,31.99,1530.95,13.38,33.91,1532.31,19.05,31.77,19.55,21.52
volume-109,kidney_right,1,60.28,-12.46,1717.97,78.48,-11.78,1728.39,82.52,-5.14,1750.9,77.1,-5.66,1740.97,79.37,-7.53,1740.09,20.99,40.41,29.3,29.63
volume-109,kidney_left,2,-73.82,-26.69,1723.77,-57.59,-13.12,1740.94,-57.48,-5.44,1757.04,-56.2,-7.89,1745.59,-57.09,-8.82,1747.86,27.25,42.72,33.77,34.35
volume-110,liver,4,57.02,-5.51,1757.33,60.35,6.21,1761.86,63.23,3.86,1763.32,64.43,7.11,1763.12,62.67,5.73,1762.77,12.99,12.73,15.73,13.7
volume-110,urinary_bladder,20,-0.24,-1.42,1450.73,-6.2,-3.47,1480.31,-4.02,3.27,1485.79,-2.04,-2.0,1483.84,-4.09,-0.73,1483.31,30.24,35.57,33.17,32.81
volume-110,kidney_right,1,49.72,-47.03,1677.64,61.49,-44.47,1693.83,61.14,-46.21,1696.89,64.85,-44.2,1696.28,62.49,-44.96,1695.67,20.18,22.4,24.17,22.19
volume-110,kidney_left,2,-77.78,-51.21,1677.67,-72.81,-46.81,1712.25,-74.83,-47.05,1706.28,-72.83,-46.66,1708.33,-73.49,-46.84,1708.95,35.21,29.06,31.39,31.88
volume-111,liver,4,90.66,25.69,1759.68,71.68,21.56,1874.91,69.48,28.2,1882.87,75.21,25.33,1856.16,72.12,25.03,1871.31,116.85,125.02,97.7,113.16
volume-111,urinary_bladder,20,-8.96,-7.86,1533.32,-10.73,-3.88,1563.56,-3.93,7.58,1566.2,-5.22,-3.87,1556.02,-6.63,-0.05,1561.93,30.55,36.68,23.35,29.75
volume-111,kidney_right,1,69.48,-36.52,1714.62,71.34,-32.14,1793.96,75.72,-20.11,1795.07,76.7,-26.37,1779.75,74.59,-26.2,1789.59,79.47,82.34,66.31,75.85
volume-111,kidney_left,2,-85.21,-30.45,1709.88,-85.93,-17.79,1787.05,-84.74,-22.73,1789.67,-88.4,-25.31,1776.06,-86.36,-21.94,1784.26,78.21,80.17,66.46,74.88
volume-112,liver,4,59.01,19.2,1886.29,69.26,20.15,1897.32,68.69,17.51,1901.51,66.88,20.24,1901.64,68.28,19.3,1900.16,15.09,18.12,17.29,16.68
volume-112,kidney_right,1,64.91,-42.49,1839.99,67.37,-27.61,1829.27,70.79,-28.13,1835.66,69.15,-28.42,1846.03,69.1,-28.05,1836.99,18.5,16.11,15.88,15.33
volume-112,kidney_left,2,-60.64,-40.62,1840.73,-62.9,-29.91,1842.41,-65.49,-29.73,1843.24,-62.41,-28.27,1848.74,-63.6,-29.3,1844.8,11.07,12.18,14.82,12.38
volume-113,liver,4,71.94,32.7,1848.1,78.0,29.83,1836.57,76.13,28.12,1829.3,70.12,32.1,1842.94,74.75,30.02,1836.27,13.34,19.8,5.51,12.45
volume-113,urinary_bladder,20,8.71,16.61,1554.6,0.98,11.57,1540.63,1.38,8.2,1536.48,1.59,14.03,1549.15,1.32,11.27,1542.09,16.74,21.28,9.34,15.49
volume-113,kidney_right,1,85.69,-20.95,1763.66,78.92,-20.73,1760.68,75.6,-26.64,1757.7,71.83,-19.86,1767.09,75.45,-22.41,1761.82,7.4,13.04,14.32,10.51
volume-113,kidney_left,2,-85.36,-17.43,1756.33,-72.44,-21.77,1766.83,-68.49,-26.77,1764.48,-71.23,-20.54,1773.74,-70.72,-23.03,1768.35,17.2,20.93,22.63,19.75
volume-114,liver,4,64.75,9.05,1710.87,76.97,22.4,1755.26,72.78,26.01,1726.63,72.43,29.35,1732.1,74.06,25.92,1737.99,47.94,24.51,30.37,33.28
volume-114,kidney_right,1,59.76,-37.53,1629.97,77.84,-23.73,1669.04,72.32,-25.99,1655.89,73.57,-23.42,1660.89,74.58,-24.38,1661.94,45.21,31.03,36.68,37.61
volume-114,kidney_left,2,-60.59,-40.1,1617.21,-78.75,-14.53,1671.59,-75.14,-28.67,1657.64,-76.25,-24.07,1663.4,-76.71,-22.42,1664.21,62.78,44.46,51.34,52.74
volume-115,liver,4,89.17,35.41,1738.99,76.26,40.79,1737.5,78.74,45.22,1746.06,75.74,49.58,1750.27,76.91,45.2,1744.61,14.06,15.97,22.55,16.66
volume-115,urinary_bladder,20,19.55,28.86,1434.12,4.71,33.29,1437.53,13.08,31.92,1447.55,10.01,35.9,1453.28,9.27,33.71,1446.12,15.85,15.21,22.53,16.52
volume-116,liver,4,70.56,171.54,-229.41,79.32,181.77,-271.93,78.78,184.69,-284.33,75.61,178.76,-278.97,77.9,181.74,-278.41,44.61,57.08,50.34,50.59
volume-116,urinary_bladder,20,-5.09,189.98,-496.47,2.65,161.47,-559.66,7.79,157.65,-563.32,3.65,152.4,-568.23,4.7,157.17,-563.74,69.75,75.37,81.47,75.47
volume-116,kidney_right,1,70.73,131.39,-308.35,79.55,126.97,-347.05,80.06,123.08,-354.46,76.09,119.24,-352.34,78.57,123.1,-351.28,39.94,47.77,45.95,44.43
volume-116,kidney_left,2,-73.54,121.79,-302.31,-74.07,127.59,-339.84,-68.59,127.3,-348.41,-68.92,120.5,-345.24,-70.52,125.13,-344.49,37.97,46.69,43.19,42.42
volume-117,liver,4,69.24,15.34,1918.38,74.97,24.09,1951.69,76.32,23.68,1958.2,81.33,29.21,1962.57,77.54,25.66,1957.49,34.91,41.29,47.87,41.29
volume-117,urinary_bladder,20,8.68,-1.3,1665.2,4.81,13.94,1661.36,7.76,16.02,1668.28,9.03,19.0,1674.27,7.2,16.32,1667.97,16.18,17.62,22.24,17.9
volume-117,kidney_right,1,61.32,-35.85,1861.25,75.24,-26.07,1886.16,78.01,-23.97,1891.91,80.4,-20.31,1903.02,77.89,-23.45,1893.7,30.16,36.88,48.48,38.48
volume-117,kidney_left,2,-54.91,-45.4,1921.37,-60.23,-25.02,1896.11,-55.62,-24.34,1899.23,-60.46,-21.68,1907.15,-58.77,-23.68,1900.83,32.89,30.56,28.21,30.14
volume-118,liver,4,75.72,171.41,-147.38,89.93,179.82,-156.92,82.55,179.4,-185.86,83.99,198.81,-168.65,85.49,186.01,-170.48,19.06,39.89,35.66,29.02
volume-118,urinary_bladder,20,-1.38,183.3,-441.8,14.5,167.72,-460.56,13.06,164.35,-463.13,14.25,169.27,-458.05,13.94,167.12,-460.58,29.11,31.98,26.56,29.15
volume-118,kidney_right,1,61.74,131.17,-230.95,88.49,132.5,-230.99,79.77,128.63,-247.27,83.53,140.64,-243.16,83.93,133.92,-240.47,26.79,24.45,26.72,24.31
volume-118,kidney_left,2,-73.66,125.13,-231.13,-66.17,130.86,-224.85,-59.2,126.26,-236.91,-59.76,139.56,-234.07,-61.71,132.23,-231.94,11.34,15.62,20.25,13.93
volume-119,liver,4,67.57,177.79,-178.09,78.65,167.48,-205.48,79.41,170.47,-206.69,77.22,177.9,-211.09,78.43,171.95,-207.75,31.29,31.81,34.38,32.12
volume-119,urinary_bladder,20,4.36,158.29,-483.88,5.58,156.45,-505.32,15.59,157.1,-490.02,9.24,157.02,-496.64,10.14,156.86,-497.33,21.56,12.86,13.72,14.71
volume-120,liver,4,42.82,159.17,536.9,54.67,147.88,550.04,62.59,151.86,562.42,57.77,154.24,550.75,58.34,151.33,554.4,20.99,33.09,20.97,24.67
volume-120,urinary_bladder,20,-1.32,150.75,309.82,-3.92,145.67,276.4,0.55,148.59,282.41,-3.27,149.41,278.27,-2.21,147.89,279.03,33.9,27.55,31.63,30.93
volume-120,kidney_right,1,56.45,87.6,487.83,58.73,99.35,492.01,64.12,103.94,499.47,59.93,103.92,488.81,60.93,102.4,493.43,12.68,21.48,16.71,16.45
volume-120,kidney_left,2,-62.15,95.81,518.81,-69.69,98.36,501.19,-72.4,103.01,508.39,-71.54,103.94,500.31,-71.21,101.77,503.3,19.34,16.3,22.28,18.93
volume-121,liver,4,74.77,204.19,-266.31,72.88,183.03,-268.71,73.21,181.38,-280.84,69.15,183.89,-263.93,71.75,182.77,-271.16,21.38,27.1,21.2,22.18
volume-121,urinary_bladder,20,0.51,162.13,-570.67,0.95,158.21,-572.17,4.57,156.99,-580.66,3.71,155.41,-565.56,3.08,156.87,-572.8,4.21,11.95,9.03,6.23
volume-121,kidney_right,1,69.13,131.55,-340.35,75.67,128.55,-341.56,78.76,128.85,-357.0,72.5,125.41,-341.26,75.64,127.6,-346.61,7.31,19.43,7.07,9.86
volume-121,kidney_left,2,-78.03,116.47,-344.47,-78.49,128.39,-338.08,-71.97,126.19,-351.98,-74.98,125.08,-338.09,-75.14,126.55,-342.72,13.53,13.7,11.14,10.63
volume-122,liver,4,51.6,178.75,838.78,50.7,157.84,867.68,55.94,159.06,873.5,49.88,157.24,866.01,52.17,158.05,869.06,35.68,40.16,34.75,36.69
volume-122,urinary_bladder,20,19.03,139.46,596.44,-9.15,154.29,589.48,-10.2,150.94,593.33,-10.47,150.13,597.09,-9.94,151.78,593.3,32.6,31.56,31.38,31.64
volume-122,kidney_right,1,57.81,111.54,787.42,54.25,109.65,797.52,54.96,110.76,806.41,50.86,106.57,802.83,53.36,108.99,802.25,10.87,19.21,17.62,15.69
volume-122,kidney_left,2,-78.65,101.38,793.06,-77.23,105.77,808.02,-79.66,106.83,819.92,-81.86,105.06,813.43,-79.58,105.89,813.79,15.65,27.42,20.95,21.23
volume-123,liver,4,60.85,181.45,-182.42,75.02,165.69,-178.24,71.04,159.72,-185.97,73.43,173.39,-198.56,73.16,166.27,-187.59,21.6,24.26,22.0,20.22
volume-123,urinary_bladder,20,11.37,150.13,-462.73,1.23,152.11,-473.6,2.04,146.25,-476.31,3.69,151.75,-486.69,2.32,150.04,-478.87,15.0,16.92,25.21,18.5
volume-123,kidney_right,1,75.72,86.16,-225.8,76.09,113.89,-249.47,75.5,108.66,-256.96,74.07,114.28,-266.76,75.22,112.28,-257.73,36.46,38.44,49.72,41.26
volume-123,kidney_left,2,-77.57,103.51,-244.02,-70.02,111.39,-244.24,-66.36,109.41,-256.49,-69.36,113.6,-262.84,-68.58,111.47,-254.52,10.93,17.79,22.88,15.96
volume-124,liver,4,59.23,130.3,999.98,42.85,135.31,997.69,43.24,131.89,995.73,41.86,131.21,983.78,42.65,132.8,992.4,17.28,16.63,23.77,18.4
volume-124,urinary_bladder,20,15.02,126.83,726.44,-12.34,136.78,726.02,-11.58,139.65,723.9,-13.33,137.2,719.0,-12.41,137.87,722.98,29.12,29.63,31.09,29.78
volume-124,kidney_right,1,59.78,76.6,930.8,47.89,90.59,941.3,49.72,93.12,932.32,44.44,84.26,927.68,47.35,89.32,933.77,21.15,19.4,17.43,18.03
volume-124,kidney_left,2,-77.89,89.06,936.13,-75.73,86.94,951.79,-78.92,88.76,944.42,-78.75,81.19,938.69,-77.8,85.63,944.96,15.95,8.35,8.32,9.48
volume-125,liver,4,63.77,157.97,1653.92,67.94,156.74,1671.64,67.41,153.14,1675.57,67.83,151.03,1671.67,67.73,153.64,1672.96,18.25,22.49,19.49,19.93
volume-125,urinary_bladder,20,-3.35,129.34,1401.13,-3.6,142.86,1401.33,2.87,145.2,1411.55,1.98,142.64,1404.35,0.42,143.57,1405.74,13.52,19.97,14.69,15.42
volume-125,kidney_right,1,58.63,111.01,1587.06,68.18,105.17,1607.35,67.36,103.11,1613.04,68.28,100.4,1611.25,67.94,102.9,1610.54,23.16,28.52,28.11,26.53
volume-125,kidney_left,2,-80.47,107.55,1592.42,-69.92,102.66,1621.74,-67.26,102.83,1622.95,-67.37,99.69,1617.29,-68.18,101.73,1620.66,31.54,33.59,29.19,31.34
volume-126,liver,4,62.84,173.81,-228.23,71.17,151.58,-250.01,77.96,153.66,-268.75,77.56,162.18,-270.51,75.56,155.81,-263.09,32.21,47.72,46.25,41.24
volume-126,urinary_bladder,20,-11.28,193.9,-512.69,6.56,141.16,-539.66,7.51,144.89,-543.85,12.44,145.15,-550.87,8.84,143.73,-544.79,61.86,61.04,66.31,62.87
volume-126,kidney_right,1,63.54,111.09,-273.54,71.65,101.25,-326.24,79.33,103.92,-340.68,78.37,105.38,-339.97,76.45,103.52,-335.63,54.23,69.35,68.31,63.87
volume-126,kidney_left,2,-49.14,106.89,-265.4,-61.76,98.81,-314.02,-62.4,105.29,-339.26,-61.68,104.08,-338.85,-61.95,102.73,-330.71,50.88,75.06,74.56,66.68
volume-127,liver,4,79.04,149.15,-362.8,72.97,167.31,-382.25,71.39,167.79,-395.73,69.8,169.09,-404.46,71.38,168.07,-394.15,27.3,38.62,47.11,37.41
volume-127,urinary_bladder,20,2.1,156.86,-693.37,-0.26,155.81,-683.96,-1.04,152.47,-695.9,-0.04,152.16,-694.99,-0.45,153.48,-691.62,9.77,5.95,5.4,4.58
volume-127,kidney_right,1,65.24,104.63,-457.12,74.67,115.0,-454.92,74.79,114.03,-464.03,69.47,114.13,-471.52,72.97,114.39,-463.49,14.19,15.08,17.76,13.99
volume-127,kidney_left,2,-85.67,98.96,-445.33,-73.31,113.54,-450.23,-70.2,113.92,-459.44,-71.08,113.15,-464.71,-71.53,113.54,-458.13,19.74,25.74,28.11,24.01
volume-128,liver,4,65.96,-100.42,353.65,89.22,-113.13,388.2,85.76,-118.41,393.17,84.46,-110.96,394.56,86.48,-114.17,391.98,43.55,47.72,46.12,45.59
volume-128,urinary_bladder,20,29.02,-138.8,98.9,17.79,-147.2,103.69,19.04,-140.48,113.1,13.41,-139.64,107.71,16.75,-142.44,108.17,14.82,17.45,17.94,15.81
volume-128,kidney_right,1,83.68,-179.57,316.43,85.77,-176.04,320.85,86.36,-172.97,329.9,85.17,-171.36,327.11,85.77,-173.46,325.95,6.03,15.24,13.56,11.51
volume-128,kidney_left,2,-61.24,-179.19,309.67,-72.78,-173.39,318.78,-56.16,-175.23,335.78,-68.48,-169.78,327.42,-65.81,-172.8,327.33,15.8,26.88,21.36,19.32
volume-129,liver,4,48.29,-99.76,247.41,77.44,-116.73,254.89,77.08,-121.46,257.94,82.41,-115.31,257.01,78.98,-117.83,256.61,34.55,37.56,38.7,36.78
volume-129,kidney_right,1,80.17,-170.44,184.93,78.69,-169.74,190.42,78.0,-176.32,191.01,86.77,-165.6,186.87,81.15,-170.55,189.43,5.73,8.73,8.42,4.62
volume-129,kidney_left,2,-71.07,-184.91,211.99,-58.36,-174.68,195.83,-62.45,-177.25,191.15,-62.43,-165.04,186.93,-61.08,-172.32,191.31,22.96,23.81,33.13,26.19
volume-130,liver,4,67.13,-134.67,368.99,81.8,-128.32,400.14,70.97,-130.16,393.77,75.11,-126.65,407.84,75.96,-128.37,400.59,35.02,25.48,40.46,33.4
volume-130,urinary_bladder,20,1.69,-158.96,123.05,13.48,-159.69,136.06,12.14,-156.39,123.72,11.24,-150.94,135.01,12.28,-155.67,131.6,17.57,10.77,17.27,14.0
volume-130,kidney_right,1,69.84,-175.22,301.91,78.5,-188.62,357.36,76.67,-187.11,338.8,78.83,-185.25,361.02,78.0,-187.0,352.39,57.7,39.36,60.62,52.47
volume-130,kidney_left,2,-62.77,-195.15,330.5,-56.2,-184.73,363.21,-51.7,-191.47,350.19,-53.01,-187.8,370.86,-53.64,-188.0,361.42,34.96,22.89,42.17,33.03
volume-131,liver,4,67.03,35.45,273.52,47.81,101.5,463.87,78.27,104.97,720.7,113.31,115.78,873.35,79.8,107.41,685.97,202.39,452.69,606.95,418.88
volume-131,urinary_bladder,20,-1.56,2.67,-18.4,-2.55,72.35,580.27,-3.98,104.23,380.81,31.37,168.73,639.35,8.28,115.11,533.48,602.71,411.94,679.19,563.3
volume-131,brain,89,14.84,-15.91,704.68,-12.03,118.5,926.24,7.74,92.54,1048.99,-18.39,85.96,246.92,-7.56,99.0,740.71,260.53,361.05,470.13,122.49
volume-131,kidney_right,1,63.24,46.64,186.85,55.37,60.79,395.27,60.17,63.08,501.15,118.88,104.98,867.72,78.14,76.28,588.05,209.05,314.75,685.62,402.57
volume-131,kidney_left,2,-59.96,64.2,230.69,-86.22,60.65,395.01,-75.57,55.31,506.51,-43.21,114.23,850.9,-68.33,76.73,584.14,166.44,276.4,622.45,353.77
volume-132,liver,4,-164.8,-298.22,532.46,-183.25,-277.85,632.9,-167.23,-254.89,883.04,-163.37,-263.72,586.66,-171.28,-265.49,700.87,104.13,353.26,64.26,171.68
volume-132,urinary_bladder,20,-259.15,-286.47,214.98,-262.77,-275.28,406.4,-254.55,-273.88,552.56,-260.63,-260.27,316.5,-259.32,-269.81,425.15,191.78,337.84,104.85,210.83
volume-132,brain,89,-246.92,-215.59,949.99,-274.8,-254.45,1102.02,-238.39,-266.0,898.22,-273.95,-268.01,477.87,-262.38,-262.82,826.04,159.37,72.77,475.79,133.55
volume-133,liver,4,26.98,-18.24,94.35,65.68,26.76,132.19,59.89,36.68,141.97,56.28,22.05,95.13,60.61,28.5,123.1,70.38,79.79,49.82,64.35
volume-133,urinary_bladder,20,6.76,-8.44,-261.78,-0.97,23.63,-154.1,-6.66,20.81,-181.69,-7.78,25.72,-221.78,-5.14,23.39,-185.86,112.61,86.31,54.57,83.18
volume-133,brain,89,-5.53,-24.39,472.45,-4.02,20.14,568.49,2.85,25.4,572.73,-8.95,21.6,481.82,-3.37,22.38,541.01,105.87,112.28,47.06,83.02
volume-134,liver,4,77.95,-116.94,-196.96,80.97,-129.4,-179.63,78.14,-126.64,-174.96,78.99,-125.19,-169.57,79.37,-127.08,-174.72,21.55,24.04,28.63,24.48
volume-134,urinary_bladder,20,0.79,-140.82,-449.02,3.69,-159.69,-463.49,1.38,-151.68,-449.04,1.46,-153.42,-444.19,2.18,-154.93,-452.24,23.96,10.88,13.51,14.54
volume-134,kidney_right,1,81.12,-180.08,-262.72,78.36,-185.28,-249.84,79.24,-184.17,-229.82,78.16,-186.88,-231.28,78.59,-185.44,-236.98,14.16,33.2,32.3,26.41
volume-134,kidney_left,2,-66.31,-184.9,-250.27,-76.09,-185.18,-250.34,-71.17,-188.21,-227.74,-72.84,-185.04,-229.87,-73.37,-186.14,-235.98,9.78,23.28,21.42,15.98
volume-135,liver,4,60.62,25.31,385.24,111.86,26.11,734.22,85.97,69.95,475.94,84.97,78.11,157.78,94.27,58.06,455.98,352.72,104.22,234.78,84.9
volume-135,urinary_bladder,20,-7.7,-12.77,61.52,48.01,14.65,502.27,29.69,63.97,292.72,66.24,89.01,628.32,47.98,55.88,474.44,445.11,246.46,580.6,422.27
volume-135,brain,89,13.74,-1.89,828.15,15.46,46.86,617.61,12.51,29.01,766.0,16.0,35.18,239.46,14.66,37.01,541.02,216.12,69.41,589.86,289.75
volume-135,kidney_right,1,-62.21,40.33,338.44,107.15,-20.8,604.97,91.02,22.69,442.71,91.55,38.11,244.34,96.57,13.33,430.67,321.64,186.18,180.28,185.6
volume-135,kidney_left,2,-68.79,65.04,346.55,-39.94,-10.05,507.66,-46.83,23.55,435.45,-46.44,52.9,236.35,-44.4,22.13,393.15,180.08,100.53,113.1,67.88
volume-136,liver,4,63.06,28.07,352.89,57.55,53.48,514.68,71.84,72.33,661.41,69.55,111.54,510.14,66.31,79.12,562.08,163.87,311.81,178.15,215.36
volume-136,urinary_bladder,20,-12.74,6.55,30.48,-14.26,42.88,274.37,0.7,72.6,451.58,33.7,115.77,715.16,6.71,77.08,480.37,246.59,426.46,694.89,455.8
volume-136,brain,89,9.45,8.67,802.16,-3.82,48.6,900.12,-11.71,42.38,922.46,-3.58,36.88,265.47,-6.37,42.62,696.02,106.62,126.72,537.59,112.56
volume-137,liver,4,85.59,-25.83,378.95,57.87,77.31,423.16,132.5,72.1,1063.5,76.19,77.18,667.13,88.85,75.53,717.93,115.59,693.11,306.18,353.82
volume-137,urinary_bladder,20,-1.65,-16.14,73.37,-28.62,70.12,45.8,-14.9,81.01,339.11,7.89,166.51,549.01,-11.88,105.88,311.31,94.49,283.25,509.6,267.6
volume-137,brain,89,-5.52,-33.33,806.9,-15.38,65.87,852.71,0.26,79.06,962.17,-82.79,38.79,25.66,-32.64,61.24,613.51,109.72,191.77,788.36,216.97
volume-137,kidney_right,1,77.42,24.6,327.63,54.71,30.99,310.56,56.25,38.18,573.86,92.51,63.81,766.59,67.82,44.32,550.34,29.13,247.5,440.96,223.78
volume-137,kidney_left,2,-77.71,11.15,314.74,-87.43,29.06,277.53,-75.19,28.03,548.63,-74.24,59.43,806.51,-78.95,38.84,544.22,42.43,234.51,494.14,231.15
volume-138,liver,4,59.88,27.1,403.88,60.04,79.99,359.07,84.85,89.09,678.07,109.15,112.51,756.31,84.68,93.86,597.82,69.32,282.22,365.96,206.6
volume-138,urinary_bladder,20,-1.63,45.06,103.13,-18.41,68.68,260.8,1.21,82.09,181.02,-4.8,102.02,170.63,-7.33,84.27,204.15,160.3,86.29,88.38,108.51
volume-138,brain,89,-1.09,42.82,796.25,-5.79,69.11,717.24,1.74,76.53,877.82,2.96,58.1,189.3,-0.37,67.91,594.79,83.41,88.3,607.15,203.02
volume-138,kidney_right,1,92.64,60.54,322.71,60.94,38.11,341.52,69.96,42.11,522.0,67.72,60.72,362.49,66.21,46.98,408.67,43.15,201.42,46.94,90.95
volume-138,kidney_left,2,-59.71,90.56,349.45,-79.91,34.47,291.14,-67.53,42.78,326.87,-56.27,75.37,697.61,-67.91,50.88,438.54,83.39,53.42,348.5,97.87
volume-139,liver,4,81.37,3.3,352.96,73.83,64.35,391.03,80.69,87.04,544.75,125.03,90.73,870.76,93.18,80.71,602.18,72.34,209.28,526.95,261.23
volume-139,urinary_bladder,20,-12.64,22.11,67.39,-2.37,59.56,138.62,9.86,89.26,275.37,57.68,96.87,780.69,21.72,81.9,398.23,81.12,219.7,720.64,337.94
volume-139,brain,89,17.47,5.04,816.26,1.95,62.39,660.21,14.75,76.78,797.08,-15.49,44.19,229.44,0.4,61.12,562.24,166.98,74.32,589.05,260.7
volume-139,kidney_right,1,75.97,53.78,298.12,77.73,26.49,374.59,78.63,40.36,502.84,131.26,54.96,929.54,95.88,40.6,602.32,81.21,205.17,633.84,305.14
volume-139,kidney_left,2,-77.44,42.77,304.96,-65.45,27.72,324.43,-54.48,31.6,488.93,-26.1,80.24,898.86,-48.68,46.52,570.74,27.37,185.74,597.29,267.36
