mode_id,target_slot,target_name,mre_mm,reference_mre_mm,delta_mre_mm
Full_360_Reference,0,spleen,28.04,28.04,0.0
Full_360_Reference,1,kidney_right,28.88,28.88,0.0
Full_360_Reference,2,kidney_left,27.69,27.69,0.0
Full_360_Reference,3,gallbladder,36.85,36.85,0.0
Full_360_Reference,4,liver,28.76,28.76,0.0
Full_360_Reference,5,stomach,30.5,30.5,0.0
Full_360_Reference,6,pancreas,26.77,26.77,0.0
Full_360_Reference,7,adrenal_gland_right,23.9,23.9,0.0
Full_360_Reference,8,adrenal_gland_left,24.1,24.1,0.0
Full_360_Reference,9,lung_upper_lobe_left,20.9,20.9,0.0
Full_360_Reference,10,lung_lower_lobe_left,24.12,24.12,0.0
Full_360_Reference,11,lung_upper_lobe_right,23.95,23.95,0.0
Full_360_Reference,12,lung_middle_lobe_right,23.38,23.38,0.0
Full_360_Reference,13,lung_lower_lobe_right,24.86,24.86,0.0
Full_360_Reference,14,esophagus,19.21,19.21,0.0
Full_360_Reference,15,trachea,19.58,19.58,0.0
Full_360_Reference,16,thyroid_gland,21.13,21.13,0.0
Full_360_Reference,17,small_bowel,32.47,32.47,0.0
Full_360_Reference,18,duodenum,28.35,28.35,0.0
Full_360_Reference,19,colon,34.28,34.28,0.0
Full_360_Reference,20,urinary_bladder,25.99,25.99,0.0
Full_360_Reference,25,vertebrae_S1,22.09,22.09,0.0
Full_360_Reference,26,vertebrae_L5,21.77,21.77,0.0
Full_360_Reference,27,vertebrae_L4,21.7,21.7,0.0
Full_360_Reference,28,vertebrae_L3,23.77,23.77,0.0
Full_360_Reference,29,vertebrae_L2,22.32,22.32,0.0
Full_360_Reference,30,vertebrae_L1,21.46,21.46,0.0
Full_360_Reference,31,vertebrae_T12,20.36,20.36,0.0
Full_360_Reference,32,vertebrae_T11,20.4,20.4,0.0
Full_360_Reference,33,vertebrae_T10,19.76,19.76,0.0
Full_360_Reference,34,vertebrae_T9,19.73,19.73,0.0
Full_360_Reference,35,vertebrae_T8,19.79,19.79,0.0
Full_360_Reference,36,vertebrae_T7,18.79,18.79,0.0
Full_360_Reference,37,vertebrae_T6,18.35,18.35,0.0
Full_360_Reference,38,vertebrae_T5,17.71,17.71,0.0
Full_360_Reference,39,vertebrae_T4,18.01,18.01,0.0
Full_360_Reference,40,vertebrae_T3,18.01,18.01,0.0
Full_360_Reference,41,vertebrae_T2,17.89,17.89,0.0
Full_360_Reference,42,vertebrae_T1,17.68,17.68,0.0
Full_360_Reference,43,vertebrae_C7,18.83,18.83,0.0
Full_360_Reference,44,vertebrae_C6,19.74,19.74,0.0
Full_360_Reference,51,aorta,18.45,18.45,0.0
Full_360_Reference,52,pulmonary_vein,22.09,22.09,0.0
Full_360_Reference,53,brachiocephalic_trunk,19.3,19.3,0.0
Full_360_Reference,54,subclavian_artery_right,19.65,19.65,0.0
Full_360_Reference,55,subclavian_artery_left,20.52,20.52,0.0
Full_360_Reference,56,common_carotid_artery_right,20.91,20.91,0.0
Full_360_Reference,57,common_carotid_artery_left,20.35,20.35,0.0
Full_360_Reference,59,brachiocephalic_vein_right,18.43,18.43,0.0
Full_360_Reference,60,atrial_appendage_left,23.52,23.52,0.0
Full_360_Reference,61,superior_vena_cava,19.31,19.31,0.0
Full_360_Reference,62,inferior_vena_cava,22.53,22.53,0.0
Full_360_Reference,63,portal_vein_and_splenic_vein,28.19,28.19,0.0
Full_360_Reference,64,iliac_artery_left,22.65,22.65,0.0
Full_360_Reference,65,iliac_artery_right,21.15,21.15,0.0
Full_360_Reference,66,iliac_vena_left,21.4,21.4,0.0
Full_360_Reference,67,iliac_vena_right,19.85,19.85,0.0
Full_360_Reference,68,humerus_left,32.43,32.43,0.0
Full_360_Reference,69,humerus_right,31.36,31.36,0.0
Full_360_Reference,70,scapula_left,21.06,21.06,0.0
Full_360_Reference,71,scapula_right,20.06,20.06,0.0
Full_360_Reference,72,clavicula_left,23.77,23.77,0.0
Full_360_Reference,73,clavicula_right,23.88,23.88,0.0
Full_360_Reference,74,femur_left,24.72,24.72,0.0
Full_360_Reference,75,femur_right,23.83,23.83,0.0
Full_360_Reference,76,hip_left,21.03,21.03,0.0
Full_360_Reference,77,hip_right,20.33,20.33,0.0
Full_360_Reference,78,spinal_cord,19.72,19.72,0.0
Full_360_Reference,79,gluteus_maximus_left,23.7,23.7,0.0
Full_360_Reference,80,gluteus_maximus_right,22.52,22.52,0.0
Full_360_Reference,81,gluteus_medius_left,24.32,24.32,0.0
Full_360_Reference,82,gluteus_medius_right,22.66,22.66,0.0
Full_360_Reference,83,gluteus_minimus_left,23.38,23.38,0.0
Full_360_Reference,84,gluteus_minimus_right,21.8,21.8,0.0
Full_360_Reference,85,autochthon_left,18.89,18.89,0.0
Full_360_Reference,86,autochthon_right,19.35,19.35,0.0
Full_360_Reference,87,iliopsoas_left,22.62,22.62,0.0
Full_360_Reference,88,iliopsoas_right,21.77,21.77,0.0
Full_360_Reference,89,brain,43.22,43.22,0.0
Full_360_Reference,90,skull,64.43,64.43,0.0
Full_360_Reference,91,rib_left_1,19.15,19.15,0.0
Full_360_Reference,92,rib_left_2,21.45,21.45,0.0
Full_360_Reference,95,rib_left_5,23.84,23.84,0.0
Full_360_Reference,96,rib_left_6,23.01,23.01,0.0
Full_360_Reference,97,rib_left_7,23.63,23.63,0.0
Full_360_Reference,98,rib_left_8,23.51,23.51,0.0
Full_360_Reference,99,rib_left_9,23.2,23.2,0.0
Full_360_Reference,100,rib_left_10,23.39,23.39,0.0
Full_360_Reference,101,rib_left_11,23.18,23.18,0.0
Full_360_Reference,102,rib_left_12,23.27,23.27,0.0
Full_360_Reference,103,rib_right_1,18.08,18.08,0.0
Full_360_Reference,104,rib_right_2,19.15,19.15,0.0
Full_360_Reference,105,rib_right_3,20.74,20.74,0.0
Full_360_Reference,106,rib_right_4,23.46,23.46,0.0
Full_360_Reference,107,rib_right_5,22.09,22.09,0.0
Full_360_Reference,108,rib_right_6,22.45,22.45,0.0
Full_360_Reference,109,rib_right_7,24.33,24.33,0.0
Full_360_Reference,110,rib_right_8,24.74,24.74,0.0
Full_360_Reference,111,rib_right_9,23.87,23.87,0.0
Full_360_Reference,112,rib_right_10,23.79,23.79,0.0
Full_360_Reference,113,rib_right_11,22.67,22.67,0.0
Full_360_Reference,114,rib_right_12,23.23,23.23,0.0
Full_360_Reference,115,sternum,17.9,17.9,0.0
Full_360_Reference,116,costal_cartilages,19.45,19.45,0.0
Anterior_Covered,0,spleen,83.72,28.04,55.67
Anterior_Covered,1,kidney_right,85.6,28.88,56.72
Anterior_Covered,2,kidney_left,91.01,27.69,63.32
Anterior_Covered,3,gallbladder,89.26,36.85,52.4
Anterior_Covered,4,liver,89.2,28.76,60.44
Anterior_Covered,5,stomach,88.26,30.5,57.76
Anterior_Covered,6,pancreas,84.92,26.77,58.15
Anterior_Covered,7,adrenal_gland_right,82.96,23.9,59.06
Anterior_Covered,8,adrenal_gland_left,81.85,24.1,57.75
Anterior_Covered,9,lung_upper_lobe_left,47.46,20.9,26.57
Anterior_Covered,10,lung_lower_lobe_left,66.82,24.12,42.7
Anterior_Covered,11,lung_upper_lobe_right,48.38,23.95,24.43
Anterior_Covered,12,lung_middle_lobe_right,71.39,23.38,48.0
Anterior_Covered,13,lung_lower_lobe_right,63.28,24.86,38.42
Anterior_Covered,14,esophagus,49.7,19.21,30.49
Anterior_Covered,15,trachea,36.5,19.58,16.92
Anterior_Covered,16,thyroid_gland,35.53,21.13,14.41
Anterior_Covered,17,small_bowel,82.17,32.47,49.7
Anterior_Covered,18,duodenum,85.11,28.35,56.77
Anterior_Covered,19,colon,81.67,34.28,47.39
Anterior_Covered,20,urinary_bladder,73.75,25.99,47.76
Anterior_Covered,25,vertebrae_S1,68.98,22.09,46.89
Anterior_Covered,26,vertebrae_L5,70.68,21.77,48.91
Anterior_Covered,27,vertebrae_L4,71.82,21.7,50.13
Anterior_Covered,28,vertebrae_L3,71.56,23.77,47.79
Anterior_Covered,29,vertebrae_L2,79.51,22.32,57.19
Anterior_Covered,30,vertebrae_L1,81.36,21.46,59.91
Anterior_Covered,31,vertebrae_T12,73.51,20.36,53.15
Anterior_Covered,32,vertebrae_T11,72.65,20.4,52.25
Anterior_Covered,33,vertebrae_T10,65.76,19.76,45.99
Anterior_Covered,34,vertebrae_T9,63.12,19.73,43.39
Anterior_Covered,35,vertebrae_T8,70.37,19.79,50.57
Anterior_Covered,36,vertebrae_T7,61.39,18.79,42.6
Anterior_Covered,37,vertebrae_T6,50.95,18.35,32.6
Anterior_Covered,38,vertebrae_T5,38.61,17.71,20.89
Anterior_Covered,39,vertebrae_T4,40.88,18.01,22.87
Anterior_Covered,40,vertebrae_T3,38.0,18.01,19.99
Anterior_Covered,41,vertebrae_T2,38.86,17.89,20.97
Anterior_Covered,42,vertebrae_T1,35.67,17.68,17.99
Anterior_Covered,43,vertebrae_C7,35.1,18.83,16.27
Anterior_Covered,44,vertebrae_C6,38.39,19.74,18.65
Anterior_Covered,51,aorta,40.04,18.45,21.59
Anterior_Covered,52,pulmonary_vein,72.3,22.09,50.21
Anterior_Covered,53,brachiocephalic_trunk,34.97,19.3,15.67
Anterior_Covered,54,subclavian_artery_right,35.19,19.65,15.54
Anterior_Covered,55,subclavian_artery_left,36.07,20.52,15.55
Anterior_Covered,56,common_carotid_artery_right,33.82,20.91,12.9
Anterior_Covered,57,common_carotid_artery_left,36.59,20.35,16.23
Anterior_Covered,59,brachiocephalic_vein_right,35.79,18.43,17.36
Anterior_Covered,60,atrial_appendage_left,61.43,23.52,37.9
Anterior_Covered,61,superior_vena_cava,43.84,19.31,24.53
Anterior_Covered,62,inferior_vena_cava,75.62,22.53,53.09
Anterior_Covered,63,portal_vein_and_splenic_vein,87.0,28.19,58.8
Anterior_Covered,64,iliac_artery_left,70.56,22.65,47.91
Anterior_Covered,65,iliac_artery_right,69.72,21.15,48.57
Anterior_Covered,66,iliac_vena_left,74.23,21.4,52.83
Anterior_Covered,67,iliac_vena_right,73.29,19.85,53.43
Anterior_Covered,68,humerus_left,45.81,32.43,13.38
Anterior_Covered,69,humerus_right,55.36,31.36,24.0
Anterior_Covered,70,scapula_left,39.82,21.06,18.76
Anterior_Covered,71,scapula_right,37.61,20.06,17.55
Anterior_Covered,72,clavicula_left,46.9,23.77,23.13
Anterior_Covered,73,clavicula_right,44.93,23.88,21.05
Anterior_Covered,74,femur_left,72.37,24.72,47.65
Anterior_Covered,75,femur_right,73.91,23.83,50.07
Anterior_Covered,76,hip_left,69.45,21.03,48.42
Anterior_Covered,77,hip_right,68.88,20.33,48.55
Anterior_Covered,78,spinal_cord,38.83,19.72,19.1
Anterior_Covered,79,gluteus_maximus_left,72.85,23.7,49.15
Anterior_Covered,80,gluteus_maximus_right,72.72,22.52,50.2
Anterior_Covered,81,gluteus_medius_left,74.18,24.32,49.86
Anterior_Covered,82,gluteus_medius_right,71.04,22.66,48.38
Anterior_Covered,83,gluteus_minimus_left,75.69,23.38,52.31
Anterior_Covered,84,gluteus_minimus_right,73.09,21.8,51.29
Anterior_Covered,85,autochthon_left,50.11,18.89,31.22
Anterior_Covered,86,autochthon_right,47.72,19.35,28.37
Anterior_Covered,87,iliopsoas_left,77.62,22.62,55.0
Anterior_Covered,88,iliopsoas_right,76.49,21.77,54.72
Anterior_Covered,89,brain,65.84,43.22,22.61
Anterior_Covered,90,skull,106.8,64.43,42.38
Anterior_Covered,91,rib_left_1,37.45,19.15,18.3
Anterior_Covered,92,rib_left_2,39.38,21.45,17.93
Anterior_Covered,95,rib_left_5,54.59,23.84,30.75
Anterior_Covered,96,rib_left_6,60.31,23.01,37.29
Anterior_Covered,97,rib_left_7,68.79,23.63,45.15
Anterior_Covered,98,rib_left_8,73.78,23.51,50.26
Anterior_Covered,99,rib_left_9,75.69,23.2,52.49
Anterior_Covered,100,rib_left_10,78.64,23.39,55.25
Anterior_Covered,101,rib_left_11,87.65,23.18,64.48
Anterior_Covered,102,rib_left_12,79.08,23.27,55.8
Anterior_Covered,103,rib_right_1,34.1,18.08,16.02
Anterior_Covered,104,rib_right_2,36.36,19.15,17.22
Anterior_Covered,105,rib_right_3,41.8,20.74,21.06
Anterior_Covered,106,rib_right_4,50.44,23.46,26.98
Anterior_Covered,107,rib_right_5,54.29,22.09,32.2
Anterior_Covered,108,rib_right_6,61.26,22.45,38.82
Anterior_Covered,109,rib_right_7,62.75,24.33,38.42
Anterior_Covered,110,rib_right_8,66.59,24.74,41.85
Anterior_Covered,111,rib_right_9,75.04,23.87,51.17
Anterior_Covered,112,rib_right_10,77.27,23.79,53.48
Anterior_Covered,113,rib_right_11,86.48,22.67,63.81
Anterior_Covered,114,rib_right_12,77.53,23.23,54.29
Anterior_Covered,115,sternum,47.67,17.9,29.77
Anterior_Covered,116,costal_cartilages,58.81,19.45,39.36
Posterior_Covered,0,spleen,36.53,28.04,8.49
Posterior_Covered,1,kidney_right,37.23,28.88,8.35
Posterior_Covered,2,kidney_left,35.56,27.69,7.87
Posterior_Covered,3,gallbladder,46.51,36.85,9.66
Posterior_Covered,4,liver,39.36,28.76,10.59
Posterior_Covered,5,stomach,41.89,30.5,11.38
Posterior_Covered,6,pancreas,36.26,26.77,9.49
Posterior_Covered,7,adrenal_gland_right,32.61,23.9,8.71
Posterior_Covered,8,adrenal_gland_left,32.02,24.1,7.92
Posterior_Covered,9,lung_upper_lobe_left,28.25,20.9,7.35
Posterior_Covered,10,lung_lower_lobe_left,29.99,24.12,5.87
Posterior_Covered,11,lung_upper_lobe_right,33.18,23.95,9.24
Posterior_Covered,12,lung_middle_lobe_right,34.04,23.38,10.66
Posterior_Covered,13,lung_lower_lobe_right,31.54,24.86,6.67
Posterior_Covered,14,esophagus,24.8,19.21,5.59
Posterior_Covered,15,trachea,27.99,19.58,8.41
Posterior_Covered,16,thyroid_gland,29.07,21.13,7.94
Posterior_Covered,17,small_bowel,44.34,32.47,11.87
Posterior_Covered,18,duodenum,37.18,28.35,8.83
Posterior_Covered,19,colon,44.11,34.28,9.83
Posterior_Covered,20,urinary_bladder,32.95,25.99,6.96
Posterior_Covered,25,vertebrae_S1,29.35,22.09,7.26
Posterior_Covered,26,vertebrae_L5,29.01,21.77,7.24
Posterior_Covered,27,vertebrae_L4,29.81,21.7,8.12
Posterior_Covered,28,vertebrae_L3,30.96,23.77,7.18
Posterior_Covered,29,vertebrae_L2,30.21,22.32,7.89
Posterior_Covered,30,vertebrae_L1,28.54,21.46,7.09
Posterior_Covered,31,vertebrae_T12,27.33,20.36,6.97
Posterior_Covered,32,vertebrae_T11,27.0,20.4,6.6
Posterior_Covered,33,vertebrae_T10,26.66,19.76,6.9
Posterior_Covered,34,vertebrae_T9,27.62,19.73,7.89
Posterior_Covered,35,vertebrae_T8,27.85,19.79,8.05
Posterior_Covered,36,vertebrae_T7,27.21,18.79,8.42
Posterior_Covered,37,vertebrae_T6,25.39,18.35,7.04
Posterior_Covered,38,vertebrae_T5,24.51,17.71,6.79
Posterior_Covered,39,vertebrae_T4,25.35,18.01,7.34
Posterior_Covered,40,vertebrae_T3,26.5,18.01,8.49
Posterior_Covered,41,vertebrae_T2,27.1,17.89,9.21
Posterior_Covered,42,vertebrae_T1,27.32,17.68,9.64
Posterior_Covered,43,vertebrae_C7,27.87,18.83,9.04
Posterior_Covered,44,vertebrae_C6,28.88,19.74,9.14
Posterior_Covered,51,aorta,24.78,18.45,6.33
Posterior_Covered,52,pulmonary_vein,32.7,22.09,10.61
Posterior_Covered,53,brachiocephalic_trunk,29.23,19.3,9.93
Posterior_Covered,54,subclavian_artery_right,28.26,19.65,8.61
Posterior_Covered,55,subclavian_artery_left,29.57,20.52,9.06
Posterior_Covered,56,common_carotid_artery_right,30.04,20.91,9.13
Posterior_Covered,57,common_carotid_artery_left,28.81,20.35,8.46
Posterior_Covered,59,brachiocephalic_vein_right,28.49,18.43,10.06
Posterior_Covered,60,atrial_appendage_left,34.93,23.52,11.41
Posterior_Covered,61,superior_vena_cava,29.24,19.31,9.93
Posterior_Covered,62,inferior_vena_cava,29.29,22.53,6.77
Posterior_Covered,63,portal_vein_and_splenic_vein,37.19,28.19,9.0
Posterior_Covered,64,iliac_artery_left,29.61,22.65,6.96
Posterior_Covered,65,iliac_artery_right,28.23,21.15,7.08
Posterior_Covered,66,iliac_vena_left,29.4,21.4,8.0
Posterior_Covered,67,iliac_vena_right,27.79,19.85,7.94
Posterior_Covered,68,humerus_left,39.04,32.43,6.61
Posterior_Covered,69,humerus_right,37.17,31.36,5.81
Posterior_Covered,70,scapula_left,27.72,21.06,6.66
Posterior_Covered,71,scapula_right,28.44,20.06,8.38
Posterior_Covered,72,clavicula_left,31.85,23.77,8.08
Posterior_Covered,73,clavicula_right,30.99,23.88,7.11
Posterior_Covered,74,femur_left,27.52,24.72,2.8
Posterior_Covered,75,femur_right,26.86,23.83,3.03
Posterior_Covered,76,hip_left,28.95,21.03,7.92
Posterior_Covered,77,hip_right,28.09,20.33,7.76
Posterior_Covered,78,spinal_cord,23.0,19.72,3.28
Posterior_Covered,79,gluteus_maximus_left,30.33,23.7,6.63
Posterior_Covered,80,gluteus_maximus_right,29.47,22.52,6.95
Posterior_Covered,81,gluteus_medius_left,32.48,24.32,8.16
Posterior_Covered,82,gluteus_medius_right,30.71,22.66,8.06
Posterior_Covered,83,gluteus_minimus_left,30.77,23.38,7.39
Posterior_Covered,84,gluteus_minimus_right,29.17,21.8,7.37
Posterior_Covered,85,autochthon_left,23.02,18.89,4.13
Posterior_Covered,86,autochthon_right,23.53,19.35,4.18
Posterior_Covered,87,iliopsoas_left,29.28,22.62,6.66
Posterior_Covered,88,iliopsoas_right,28.59,21.77,6.82
Posterior_Covered,89,brain,49.47,43.22,6.24
Posterior_Covered,90,skull,70.67,64.43,6.25
Posterior_Covered,91,rib_left_1,28.74,19.15,9.58
Posterior_Covered,92,rib_left_2,30.83,21.45,9.38
Posterior_Covered,95,rib_left_5,32.93,23.84,9.09
Posterior_Covered,96,rib_left_6,33.07,23.01,10.05
Posterior_Covered,97,rib_left_7,33.67,23.63,10.04
Posterior_Covered,98,rib_left_8,33.57,23.51,10.05
Posterior_Covered,99,rib_left_9,33.4,23.2,10.21
Posterior_Covered,100,rib_left_10,32.28,23.39,8.88
Posterior_Covered,101,rib_left_11,30.44,23.18,7.26
Posterior_Covered,102,rib_left_12,30.33,23.27,7.06
Posterior_Covered,103,rib_right_1,27.58,18.08,9.5
Posterior_Covered,104,rib_right_2,27.45,19.15,8.31
Posterior_Covered,105,rib_right_3,29.18,20.74,8.44
Posterior_Covered,106,rib_right_4,32.5,23.46,9.04
Posterior_Covered,107,rib_right_5,31.21,22.09,9.13
Posterior_Covered,108,rib_right_6,32.55,22.45,10.1
Posterior_Covered,109,rib_right_7,35.01,24.33,10.68
Posterior_Covered,110,rib_right_8,36.42,24.74,11.68
Posterior_Covered,111,rib_right_9,35.35,23.87,11.48
Posterior_Covered,112,rib_right_10,34.31,23.79,10.52
Posterior_Covered,113,rib_right_11,31.1,22.67,8.43
Posterior_Covered,114,rib_right_12,30.13,23.23,6.9
Posterior_Covered,115,sternum,28.33,17.9,10.43
Posterior_Covered,116,costal_cartilages,30.42,19.45,10.97
Superior_Covered,0,spleen,50.38,28.04,22.34
Superior_Covered,1,kidney_right,43.45,28.88,14.56
Superior_Covered,2,kidney_left,43.53,27.69,15.84
Superior_Covered,3,gallbladder,56.73,36.85,19.88
Superior_Covered,4,liver,56.14,28.76,27.38
Superior_Covered,5,stomach,56.9,30.5,26.4
Superior_Covered,6,pancreas,44.63,26.77,17.86
Superior_Covered,7,adrenal_gland_right,44.94,23.9,21.04
Superior_Covered,8,adrenal_gland_left,44.17,24.1,20.07
Superior_Covered,9,lung_upper_lobe_left,107.12,20.9,86.22
Superior_Covered,10,lung_lower_lobe_left,73.0,24.12,48.88
Superior_Covered,11,lung_upper_lobe_right,130.37,23.95,106.42
Superior_Covered,12,lung_middle_lobe_right,78.62,23.38,55.24
Superior_Covered,13,lung_lower_lobe_right,72.88,24.86,48.02
Superior_Covered,14,esophagus,90.02,19.21,70.82
Superior_Covered,15,trachea,117.62,19.58,98.04
Superior_Covered,16,thyroid_gland,147.68,21.13,126.56
Superior_Covered,17,small_bowel,46.88,32.47,14.41
Superior_Covered,18,duodenum,44.45,28.35,16.1
Superior_Covered,19,colon,47.28,34.28,13.0
Superior_Covered,20,urinary_bladder,37.69,25.99,11.7
Superior_Covered,25,vertebrae_S1,33.99,22.09,11.9
Superior_Covered,26,vertebrae_L5,34.35,21.77,12.58
Superior_Covered,27,vertebrae_L4,35.12,21.7,13.43
Superior_Covered,28,vertebrae_L3,37.94,23.77,14.16
Superior_Covered,29,vertebrae_L2,37.99,22.32,15.67
Superior_Covered,30,vertebrae_L1,39.75,21.46,18.3
Superior_Covered,31,vertebrae_T12,42.64,20.36,22.28
Superior_Covered,32,vertebrae_T11,44.59,20.4,24.19
Superior_Covered,33,vertebrae_T10,49.86,19.76,30.09
Superior_Covered,34,vertebrae_T9,60.95,19.73,41.22
Superior_Covered,35,vertebrae_T8,79.5,19.79,59.71
Superior_Covered,36,vertebrae_T7,87.5,18.79,68.71
Superior_Covered,37,vertebrae_T6,100.42,18.35,82.07
Superior_Covered,38,vertebrae_T5,120.31,17.71,102.6
Superior_Covered,39,vertebrae_T4,132.85,18.01,114.84
Superior_Covered,40,vertebrae_T3,148.79,18.01,130.78
Superior_Covered,41,vertebrae_T2,147.14,17.89,129.25
Superior_Covered,42,vertebrae_T1,162.6,17.68,144.92
Superior_Covered,43,vertebrae_C7,153.95,18.83,135.12
Superior_Covered,44,vertebrae_C6,144.47,19.74,124.74
Superior_Covered,51,aorta,90.59,18.45,72.15
Superior_Covered,52,pulmonary_vein,85.63,22.09,63.54
Superior_Covered,53,brachiocephalic_trunk,129.5,19.3,110.2
Superior_Covered,54,subclavian_artery_right,142.36,19.65,122.71
Superior_Covered,55,subclavian_artery_left,136.4,20.52,115.88
Superior_Covered,56,common_carotid_artery_right,149.81,20.91,128.9
Superior_Covered,57,common_carotid_artery_left,141.05,20.35,120.7
Superior_Covered,59,brachiocephalic_vein_right,135.78,18.43,117.35
Superior_Covered,60,atrial_appendage_left,74.5,23.52,50.98
Superior_Covered,61,superior_vena_cava,89.54,19.31,70.22
Superior_Covered,62,inferior_vena_cava,47.5,22.53,24.98
Superior_Covered,63,portal_vein_and_splenic_vein,50.21,28.19,22.02
Superior_Covered,64,iliac_artery_left,34.16,22.65,11.51
Superior_Covered,65,iliac_artery_right,33.02,21.15,11.87
Superior_Covered,66,iliac_vena_left,33.2,21.4,11.8
Superior_Covered,67,iliac_vena_right,32.35,19.85,12.49
Superior_Covered,68,humerus_left,213.64,32.43,181.21
Superior_Covered,69,humerus_right,198.94,31.36,167.58
Superior_Covered,70,scapula_left,135.97,21.06,114.91
Superior_Covered,71,scapula_right,139.46,20.06,119.4
Superior_Covered,72,clavicula_left,148.0,23.77,124.23
Superior_Covered,73,clavicula_right,162.34,23.88,138.47
Superior_Covered,74,femur_left,32.65,24.72,7.93
Superior_Covered,75,femur_right,31.85,23.83,8.02
Superior_Covered,76,hip_left,32.01,21.03,10.98
Superior_Covered,77,hip_right,31.41,20.33,11.08
Superior_Covered,78,spinal_cord,75.55,19.72,55.83
Superior_Covered,79,gluteus_maximus_left,33.48,23.7,9.78
Superior_Covered,80,gluteus_maximus_right,32.99,22.52,10.47
Superior_Covered,81,gluteus_medius_left,35.91,24.32,11.59
Superior_Covered,82,gluteus_medius_right,34.41,22.66,11.76
Superior_Covered,83,gluteus_minimus_left,33.92,23.38,10.54
Superior_Covered,84,gluteus_minimus_right,33.3,21.8,11.5
Superior_Covered,85,autochthon_left,57.1,18.89,38.2
Superior_Covered,86,autochthon_right,58.3,19.35,38.95
Superior_Covered,87,iliopsoas_left,34.94,22.62,12.32
Superior_Covered,88,iliopsoas_right,34.08,21.77,12.31
Superior_Covered,89,brain,143.06,43.22,99.84
Superior_Covered,90,skull,213.44,64.43,149.01
Superior_Covered,91,rib_left_1,147.27,19.15,128.12
Superior_Covered,92,rib_left_2,137.32,21.45,115.87
Superior_Covered,95,rib_left_5,120.03,23.84,96.19
Superior_Covered,96,rib_left_6,108.23,23.01,85.22
Superior_Covered,97,rib_left_7,97.18,23.63,73.55
Superior_Covered,98,rib_left_8,90.57,23.51,67.05
Superior_Covered,99,rib_left_9,75.49,23.2,52.29
Superior_Covered,100,rib_left_10,56.98,23.39,33.59
Superior_Covered,101,rib_left_11,44.18,23.18,21.0
Superior_Covered,102,rib_left_12,43.3,23.27,20.02
Superior_Covered,103,rib_right_1,147.42,18.08,129.34
Superior_Covered,104,rib_right_2,141.59,19.15,122.44
Superior_Covered,105,rib_right_3,148.47,20.74,127.73
Superior_Covered,106,rib_right_4,140.47,23.46,117.01
Superior_Covered,107,rib_right_5,125.62,22.09,103.53
Superior_Covered,108,rib_right_6,114.95,22.45,92.51
Superior_Covered,109,rib_right_7,104.9,24.33,80.57
Superior_Covered,110,rib_right_8,95.06,24.74,70.33
Superior_Covered,111,rib_right_9,77.96,23.87,54.09
Superior_Covered,112,rib_right_10,59.38,23.79,35.59
Superior_Covered,113,rib_right_11,44.78,22.67,22.1
Superior_Covered,114,rib_right_12,42.25,23.23,19.02
Superior_Covered,115,sternum,105.28,17.9,87.38
Superior_Covered,116,costal_cartilages,70.29,19.45,50.83
Inferior_Covered,0,spleen,46.61,28.04,18.57
Inferior_Covered,1,kidney_right,72.61,28.88,43.72
Inferior_Covered,2,kidney_left,66.7,27.69,39.01
Inferior_Covered,3,gallbladder,60.1,36.85,23.25
Inferior_Covered,4,liver,47.24,28.76,18.48
Inferior_Covered,5,stomach,47.87,30.5,17.37
Inferior_Covered,6,pancreas,58.26,26.77,31.49
Inferior_Covered,7,adrenal_gland_right,41.07,23.9,17.18
Inferior_Covered,8,adrenal_gland_left,43.75,24.1,19.65
Inferior_Covered,9,lung_upper_lobe_left,26.63,20.9,5.73
Inferior_Covered,10,lung_lower_lobe_left,33.27,24.12,9.15
Inferior_Covered,11,lung_upper_lobe_right,28.35,23.95,4.41
Inferior_Covered,12,lung_middle_lobe_right,29.53,23.38,6.15
Inferior_Covered,13,lung_lower_lobe_right,32.95,24.86,8.09
Inferior_Covered,14,esophagus,26.21,19.21,7.01
Inferior_Covered,15,trachea,23.09,19.58,3.51
Inferior_Covered,16,thyroid_gland,23.32,21.13,2.2
Inferior_Covered,17,small_bowel,129.36,32.47,96.88
Inferior_Covered,18,duodenum,73.58,28.35,45.23
Inferior_Covered,19,colon,131.13,34.28,96.85
Inferior_Covered,20,urinary_bladder,195.78,25.99,169.79
Inferior_Covered,25,vertebrae_S1,139.34,22.09,117.25
Inferior_Covered,26,vertebrae_L5,103.24,21.77,81.48
Inferior_Covered,27,vertebrae_L4,94.19,21.7,72.5
Inferior_Covered,28,vertebrae_L3,73.25,23.77,49.48
Inferior_Covered,29,vertebrae_L2,57.64,22.32,35.32
Inferior_Covered,30,vertebrae_L1,45.16,21.46,23.7
Inferior_Covered,31,vertebrae_T12,35.47,20.36,15.11
Inferior_Covered,32,vertebrae_T11,32.02,20.4,11.62
Inferior_Covered,33,vertebrae_T10,27.73,19.76,7.96
Inferior_Covered,34,vertebrae_T9,26.55,19.73,6.82
Inferior_Covered,35,vertebrae_T8,25.43,19.79,5.64
Inferior_Covered,36,vertebrae_T7,23.44,18.79,4.65
Inferior_Covered,37,vertebrae_T6,22.65,18.35,4.29
Inferior_Covered,38,vertebrae_T5,22.25,17.71,4.54
Inferior_Covered,39,vertebrae_T4,23.32,18.01,5.31
Inferior_Covered,40,vertebrae_T3,22.41,18.01,4.4
Inferior_Covered,41,vertebrae_T2,21.99,17.89,4.1
Inferior_Covered,42,vertebrae_T1,22.0,17.68,4.32
Inferior_Covered,43,vertebrae_C7,23.49,18.83,4.65
Inferior_Covered,44,vertebrae_C6,25.16,19.74,5.43
Inferior_Covered,51,aorta,38.63,18.45,20.19
Inferior_Covered,52,pulmonary_vein,28.03,22.09,5.94
Inferior_Covered,53,brachiocephalic_trunk,22.54,19.3,3.24
Inferior_Covered,54,subclavian_artery_right,22.34,19.65,2.69
Inferior_Covered,55,subclavian_artery_left,23.45,20.52,2.93
Inferior_Covered,56,common_carotid_artery_right,23.5,20.91,2.59
Inferior_Covered,57,common_carotid_artery_left,23.21,20.35,2.86
Inferior_Covered,59,brachiocephalic_vein_right,21.5,18.43,3.07
Inferior_Covered,60,atrial_appendage_left,28.29,23.52,4.77
Inferior_Covered,61,superior_vena_cava,24.73,19.31,5.42
Inferior_Covered,62,inferior_vena_cava,57.86,22.53,35.33
Inferior_Covered,63,portal_vein_and_splenic_vein,45.51,28.19,17.31
Inferior_Covered,64,iliac_artery_left,171.62,22.65,148.97
Inferior_Covered,65,iliac_artery_right,165.27,21.15,144.12
Inferior_Covered,66,iliac_vena_left,169.41,21.4,148.01
Inferior_Covered,67,iliac_vena_right,177.36,19.85,157.5
Inferior_Covered,68,humerus_left,34.72,32.43,2.29
Inferior_Covered,69,humerus_right,34.84,31.36,3.48
Inferior_Covered,70,scapula_left,22.76,21.06,1.7
Inferior_Covered,71,scapula_right,23.03,20.06,2.97
Inferior_Covered,72,clavicula_left,27.81,23.77,4.05
Inferior_Covered,73,clavicula_right,27.18,23.88,3.3
Inferior_Covered,74,femur_left,201.0,24.72,176.28
Inferior_Covered,75,femur_right,205.32,23.83,181.49
Inferior_Covered,76,hip_left,185.06,21.03,164.03
Inferior_Covered,77,hip_right,185.83,20.33,165.51
Inferior_Covered,78,spinal_cord,69.6,19.72,49.87
Inferior_Covered,79,gluteus_maximus_left,203.11,23.7,179.41
Inferior_Covered,80,gluteus_maximus_right,205.2,22.52,182.68
Inferior_Covered,81,gluteus_medius_left,175.31,24.32,150.99
Inferior_Covered,82,gluteus_medius_right,166.83,22.66,144.18
Inferior_Covered,83,gluteus_minimus_left,190.99,23.38,167.61
Inferior_Covered,84,gluteus_minimus_right,190.6,21.8,168.8
Inferior_Covered,85,autochthon_left,83.12,18.89,64.23
Inferior_Covered,86,autochthon_right,85.13,19.35,65.78
Inferior_Covered,87,iliopsoas_left,151.45,22.62,128.83
Inferior_Covered,88,iliopsoas_right,150.09,21.77,128.32
Inferior_Covered,89,brain,49.88,43.22,6.65
Inferior_Covered,90,skull,70.53,64.43,6.1
Inferior_Covered,91,rib_left_1,22.69,19.15,3.54
Inferior_Covered,92,rib_left_2,25.01,21.45,3.56
Inferior_Covered,95,rib_left_5,31.57,23.84,7.73
Inferior_Covered,96,rib_left_6,30.59,23.01,7.57
Inferior_Covered,97,rib_left_7,32.8,23.63,9.17
Inferior_Covered,98,rib_left_8,36.2,23.51,12.69
Inferior_Covered,99,rib_left_9,38.86,23.2,15.67
Inferior_Covered,100,rib_left_10,42.22,23.39,18.82
Inferior_Covered,101,rib_left_11,49.6,23.18,26.42
Inferior_Covered,102,rib_left_12,45.28,23.27,22.01
Inferior_Covered,103,rib_right_1,22.05,18.08,3.98
Inferior_Covered,104,rib_right_2,23.45,19.15,4.3
Inferior_Covered,105,rib_right_3,26.65,20.74,5.91
Inferior_Covered,106,rib_right_4,30.29,23.46,6.83
Inferior_Covered,107,rib_right_5,29.04,22.09,6.96
Inferior_Covered,108,rib_right_6,30.73,22.45,8.28
Inferior_Covered,109,rib_right_7,33.84,24.33,9.51
Inferior_Covered,110,rib_right_8,37.63,24.74,12.89
Inferior_Covered,111,rib_right_9,39.81,23.87,15.94
Inferior_Covered,112,rib_right_10,44.97,23.79,21.18
Inferior_Covered,113,rib_right_11,51.04,22.67,28.37
Inferior_Covered,114,rib_right_12,47.07,23.23,23.83
Inferior_Covered,115,sternum,23.28,17.9,5.38
Inferior_Covered,116,costal_cartilages,34.81,19.45,15.36
Right_Flank_Covered,0,spleen,37.52,28.04,9.47
Right_Flank_Covered,1,kidney_right,37.48,28.88,8.6
Right_Flank_Covered,2,kidney_left,38.82,27.69,11.13
Right_Flank_Covered,3,gallbladder,44.12,36.85,7.27
Right_Flank_Covered,4,liver,38.22,28.76,9.46
Right_Flank_Covered,5,stomach,40.49,30.5,9.99
Right_Flank_Covered,6,pancreas,34.84,26.77,8.07
Right_Flank_Covered,7,adrenal_gland_right,31.39,23.9,7.49
Right_Flank_Covered,8,adrenal_gland_left,33.03,24.1,8.93
Right_Flank_Covered,9,lung_upper_lobe_left,30.63,20.9,9.73
Right_Flank_Covered,10,lung_lower_lobe_left,32.55,24.12,8.43
Right_Flank_Covered,11,lung_upper_lobe_right,32.45,23.95,8.5
Right_Flank_Covered,12,lung_middle_lobe_right,32.57,23.38,9.19
Right_Flank_Covered,13,lung_lower_lobe_right,31.72,24.86,6.86
Right_Flank_Covered,14,esophagus,25.0,19.21,5.79
Right_Flank_Covered,15,trachea,24.89,19.58,5.31
Right_Flank_Covered,16,thyroid_gland,25.67,21.13,4.55
Right_Flank_Covered,17,small_bowel,42.65,32.47,10.18
Right_Flank_Covered,18,duodenum,35.49,28.35,7.14
Right_Flank_Covered,19,colon,41.82,34.28,7.54
Right_Flank_Covered,20,urinary_bladder,37.73,25.99,11.74
Right_Flank_Covered,25,vertebrae_S1,30.14,22.09,8.05
Right_Flank_Covered,26,vertebrae_L5,28.07,21.77,6.3
Right_Flank_Covered,27,vertebrae_L4,28.57,21.7,6.88
Right_Flank_Covered,28,vertebrae_L3,29.79,23.77,6.02
Right_Flank_Covered,29,vertebrae_L2,29.63,22.32,7.31
Right_Flank_Covered,30,vertebrae_L1,29.11,21.46,7.66
Right_Flank_Covered,31,vertebrae_T12,28.07,20.36,7.71
Right_Flank_Covered,32,vertebrae_T11,28.18,20.4,7.78
Right_Flank_Covered,33,vertebrae_T10,27.96,19.76,8.19
Right_Flank_Covered,34,vertebrae_T9,26.49,19.73,6.75
Right_Flank_Covered,35,vertebrae_T8,26.95,19.79,7.15
Right_Flank_Covered,36,vertebrae_T7,25.37,18.79,6.58
Right_Flank_Covered,37,vertebrae_T6,24.68,18.35,6.33
Right_Flank_Covered,38,vertebrae_T5,24.35,17.71,6.64
Right_Flank_Covered,39,vertebrae_T4,26.92,18.01,8.91
Right_Flank_Covered,40,vertebrae_T3,25.8,18.01,7.79
Right_Flank_Covered,41,vertebrae_T2,27.1,17.89,9.2
Right_Flank_Covered,42,vertebrae_T1,23.88,17.68,6.2
Right_Flank_Covered,43,vertebrae_C7,25.36,18.83,6.53
Right_Flank_Covered,44,vertebrae_C6,27.94,19.74,8.2
Right_Flank_Covered,51,aorta,23.38,18.45,4.94
Right_Flank_Covered,52,pulmonary_vein,28.96,22.09,6.87
Right_Flank_Covered,53,brachiocephalic_trunk,26.19,19.3,6.89
Right_Flank_Covered,54,subclavian_artery_right,26.23,19.65,6.58
Right_Flank_Covered,55,subclavian_artery_left,26.09,20.52,5.57
Right_Flank_Covered,56,common_carotid_artery_right,25.36,20.91,4.45
Right_Flank_Covered,57,common_carotid_artery_left,28.6,20.35,8.25
Right_Flank_Covered,59,brachiocephalic_vein_right,27.44,18.43,9.01
Right_Flank_Covered,60,atrial_appendage_left,27.48,23.52,3.96
Right_Flank_Covered,61,superior_vena_cava,24.81,19.31,5.5
Right_Flank_Covered,62,inferior_vena_cava,29.28,22.53,6.76
Right_Flank_Covered,63,portal_vein_and_splenic_vein,35.98,28.19,7.78
Right_Flank_Covered,64,iliac_artery_left,37.02,22.65,14.36
Right_Flank_Covered,65,iliac_artery_right,33.48,21.15,12.33
Right_Flank_Covered,66,iliac_vena_left,35.92,21.4,14.52
Right_Flank_Covered,67,iliac_vena_right,34.73,19.85,14.87
Right_Flank_Covered,68,humerus_left,37.62,32.43,5.19
Right_Flank_Covered,69,humerus_right,39.0,31.36,7.64
Right_Flank_Covered,70,scapula_left,30.42,21.06,9.36
Right_Flank_Covered,71,scapula_right,30.86,20.06,10.8
Right_Flank_Covered,72,clavicula_left,31.51,23.77,7.74
Right_Flank_Covered,73,clavicula_right,32.18,23.88,8.3
Right_Flank_Covered,74,femur_left,41.25,24.72,16.54
Right_Flank_Covered,75,femur_right,43.55,23.83,19.72
Right_Flank_Covered,76,hip_left,37.09,21.03,16.06
Right_Flank_Covered,77,hip_right,35.48,20.33,15.15
Right_Flank_Covered,78,spinal_cord,24.29,19.72,4.56
Right_Flank_Covered,79,gluteus_maximus_left,45.02,23.7,21.32
Right_Flank_Covered,80,gluteus_maximus_right,43.11,22.52,20.59
Right_Flank_Covered,81,gluteus_medius_left,40.89,24.32,16.57
Right_Flank_Covered,82,gluteus_medius_right,36.67,22.66,14.01
Right_Flank_Covered,83,gluteus_minimus_left,39.66,23.38,16.28
Right_Flank_Covered,84,gluteus_minimus_right,36.93,21.8,15.13
Right_Flank_Covered,85,autochthon_left,24.72,18.89,5.83
Right_Flank_Covered,86,autochthon_right,25.43,19.35,6.08
Right_Flank_Covered,87,iliopsoas_left,35.85,22.62,13.23
Right_Flank_Covered,88,iliopsoas_right,35.04,21.77,13.26
Right_Flank_Covered,89,brain,51.43,43.22,8.2
Right_Flank_Covered,90,skull,75.83,64.43,11.4
Right_Flank_Covered,91,rib_left_1,25.25,19.15,6.1
Right_Flank_Covered,92,rib_left_2,27.54,21.45,6.1
Right_Flank_Covered,95,rib_left_5,33.31,23.84,9.46
Right_Flank_Covered,96,rib_left_6,35.14,23.01,12.12
Right_Flank_Covered,97,rib_left_7,37.21,23.63,13.57
Right_Flank_Covered,98,rib_left_8,36.2,23.51,12.69
Right_Flank_Covered,99,rib_left_9,33.57,23.2,10.37
Right_Flank_Covered,100,rib_left_10,34.67,23.39,11.28
Right_Flank_Covered,101,rib_left_11,34.76,23.18,11.58
Right_Flank_Covered,102,rib_left_12,32.33,23.27,9.06
Right_Flank_Covered,103,rib_right_1,24.08,18.08,6.01
Right_Flank_Covered,104,rib_right_2,24.66,19.15,5.51
Right_Flank_Covered,105,rib_right_3,30.41,20.74,9.67
Right_Flank_Covered,106,rib_right_4,33.43,23.46,9.97
Right_Flank_Covered,107,rib_right_5,31.64,22.09,9.56
Right_Flank_Covered,108,rib_right_6,36.81,22.45,14.36
Right_Flank_Covered,109,rib_right_7,38.89,24.33,14.56
Right_Flank_Covered,110,rib_right_8,36.4,24.74,11.66
Right_Flank_Covered,111,rib_right_9,37.55,23.87,13.69
Right_Flank_Covered,112,rib_right_10,35.01,23.79,11.22
Right_Flank_Covered,113,rib_right_11,33.5,22.67,10.83
Right_Flank_Covered,114,rib_right_12,30.86,23.23,7.63
Right_Flank_Covered,115,sternum,27.11,17.9,9.21
Right_Flank_Covered,116,costal_cartilages,28.54,19.45,9.08
Left_Flank_Covered,0,spleen,40.76,28.04,12.72
Left_Flank_Covered,1,kidney_right,43.23,28.88,14.35
Left_Flank_Covered,2,kidney_left,42.56,27.69,14.87
Left_Flank_Covered,3,gallbladder,49.65,36.85,12.79
Left_Flank_Covered,4,liver,42.14,28.76,13.38
Left_Flank_Covered,5,stomach,43.73,30.5,13.22
Left_Flank_Covered,6,pancreas,39.33,26.77,12.56
Left_Flank_Covered,7,adrenal_gland_right,35.83,23.9,11.93
Left_Flank_Covered,8,adrenal_gland_left,37.27,24.1,13.17
Left_Flank_Covered,9,lung_upper_lobe_left,32.73,20.9,11.84
Left_Flank_Covered,10,lung_lower_lobe_left,35.43,24.12,11.31
Left_Flank_Covered,11,lung_upper_lobe_right,35.18,23.95,11.23
Left_Flank_Covered,12,lung_middle_lobe_right,35.97,23.38,12.58
Left_Flank_Covered,13,lung_lower_lobe_right,34.55,24.86,9.68
Left_Flank_Covered,14,esophagus,28.8,19.21,9.59
Left_Flank_Covered,15,trachea,26.84,19.58,7.26
Left_Flank_Covered,16,thyroid_gland,30.06,21.13,8.93
Left_Flank_Covered,17,small_bowel,51.01,32.47,18.53
Left_Flank_Covered,18,duodenum,42.63,28.35,14.29
Left_Flank_Covered,19,colon,48.34,34.28,14.06
Left_Flank_Covered,20,urinary_bladder,46.51,25.99,20.52
Left_Flank_Covered,25,vertebrae_S1,37.8,22.09,15.72
Left_Flank_Covered,26,vertebrae_L5,36.32,21.77,14.55
Left_Flank_Covered,27,vertebrae_L4,37.33,21.7,15.64
Left_Flank_Covered,28,vertebrae_L3,35.92,23.77,12.15
Left_Flank_Covered,29,vertebrae_L2,36.32,22.32,14.0
Left_Flank_Covered,30,vertebrae_L1,33.72,21.46,12.26
Left_Flank_Covered,31,vertebrae_T12,29.9,20.36,9.54
Left_Flank_Covered,32,vertebrae_T11,30.23,20.4,9.83
Left_Flank_Covered,33,vertebrae_T10,29.68,19.76,9.91
Left_Flank_Covered,34,vertebrae_T9,28.69,19.73,8.95
Left_Flank_Covered,35,vertebrae_T8,30.66,19.79,10.87
Left_Flank_Covered,36,vertebrae_T7,28.39,18.79,9.6
Left_Flank_Covered,37,vertebrae_T6,27.03,18.35,8.68
Left_Flank_Covered,38,vertebrae_T5,29.26,17.71,11.55
Left_Flank_Covered,39,vertebrae_T4,33.0,18.01,14.99
Left_Flank_Covered,40,vertebrae_T3,33.33,18.01,15.32
Left_Flank_Covered,41,vertebrae_T2,31.21,17.89,13.31
Left_Flank_Covered,42,vertebrae_T1,30.73,17.68,13.05
Left_Flank_Covered,43,vertebrae_C7,31.59,18.83,12.75
Left_Flank_Covered,44,vertebrae_C6,37.25,19.74,17.51
Left_Flank_Covered,51,aorta,28.64,18.45,10.19
Left_Flank_Covered,52,pulmonary_vein,33.86,22.09,11.77
Left_Flank_Covered,53,brachiocephalic_trunk,28.53,19.3,9.22
Left_Flank_Covered,54,subclavian_artery_right,29.98,19.65,10.32
Left_Flank_Covered,55,subclavian_artery_left,31.32,20.52,10.8
Left_Flank_Covered,56,common_carotid_artery_right,30.87,20.91,9.96
Left_Flank_Covered,57,common_carotid_artery_left,31.81,20.35,11.46
Left_Flank_Covered,59,brachiocephalic_vein_right,30.27,18.43,11.84
Left_Flank_Covered,60,atrial_appendage_left,33.21,23.52,9.69
Left_Flank_Covered,61,superior_vena_cava,28.54,19.31,9.23
Left_Flank_Covered,62,inferior_vena_cava,35.44,22.53,12.92
Left_Flank_Covered,63,portal_vein_and_splenic_vein,38.75,28.19,10.55
Left_Flank_Covered,64,iliac_artery_left,44.05,22.65,21.4
Left_Flank_Covered,65,iliac_artery_right,40.33,21.15,19.18
Left_Flank_Covered,66,iliac_vena_left,43.69,21.4,22.29
Left_Flank_Covered,67,iliac_vena_right,40.97,19.85,21.11
Left_Flank_Covered,68,humerus_left,39.76,32.43,7.33
Left_Flank_Covered,69,humerus_right,47.43,31.36,16.07
Left_Flank_Covered,70,scapula_left,33.99,21.06,12.93
Left_Flank_Covered,71,scapula_right,34.57,20.06,14.51
Left_Flank_Covered,72,clavicula_left,38.81,23.77,15.04
Left_Flank_Covered,73,clavicula_right,39.01,23.88,15.14
Left_Flank_Covered,74,femur_left,44.29,24.72,19.58
Left_Flank_Covered,75,femur_right,46.65,23.83,22.82
Left_Flank_Covered,76,hip_left,44.95,21.03,23.92
Left_Flank_Covered,77,hip_right,43.14,20.33,22.81
Left_Flank_Covered,78,spinal_cord,26.03,19.72,6.31
Left_Flank_Covered,79,gluteus_maximus_left,49.91,23.7,26.21
Left_Flank_Covered,80,gluteus_maximus_right,48.92,22.52,26.4
Left_Flank_Covered,81,gluteus_medius_left,47.76,24.32,23.44
Left_Flank_Covered,82,gluteus_medius_right,45.08,22.66,22.42
Left_Flank_Covered,83,gluteus_minimus_left,46.66,23.38,23.28
Left_Flank_Covered,84,gluteus_minimus_right,45.86,21.8,24.06
Left_Flank_Covered,85,autochthon_left,27.84,18.89,8.95
Left_Flank_Covered,86,autochthon_right,28.11,19.35,8.76
Left_Flank_Covered,87,iliopsoas_left,42.86,22.62,20.24
Left_Flank_Covered,88,iliopsoas_right,43.62,21.77,21.84
Left_Flank_Covered,89,brain,51.28,43.22,8.06
Left_Flank_Covered,90,skull,78.95,64.43,14.53
Left_Flank_Covered,91,rib_left_1,29.39,19.15,10.23
Left_Flank_Covered,92,rib_left_2,31.43,21.45,9.98
Left_Flank_Covered,95,rib_left_5,36.22,23.84,12.37
Left_Flank_Covered,96,rib_left_6,35.81,23.01,12.8
Left_Flank_Covered,97,rib_left_7,37.37,23.63,13.73
Left_Flank_Covered,98,rib_left_8,37.41,23.51,13.89
Left_Flank_Covered,99,rib_left_9,36.56,23.2,13.36
Left_Flank_Covered,100,rib_left_10,35.66,23.39,12.27
Left_Flank_Covered,101,rib_left_11,36.24,23.18,13.06
Left_Flank_Covered,102,rib_left_12,35.78,23.27,12.51
Left_Flank_Covered,103,rib_right_1,26.57,18.08,8.49
Left_Flank_Covered,104,rib_right_2,28.23,19.15,9.09
Left_Flank_Covered,105,rib_right_3,33.13,20.74,12.39
Left_Flank_Covered,106,rib_right_4,37.22,23.46,13.76
Left_Flank_Covered,107,rib_right_5,35.94,22.09,13.85
Left_Flank_Covered,108,rib_right_6,40.39,22.45,17.94
Left_Flank_Covered,109,rib_right_7,42.25,24.33,17.92
Left_Flank_Covered,110,rib_right_8,39.18,24.74,14.44
Left_Flank_Covered,111,rib_right_9,39.66,23.87,15.8
Left_Flank_Covered,112,rib_right_10,37.34,23.79,13.55
Left_Flank_Covered,113,rib_right_11,37.77,22.67,15.1
Left_Flank_Covered,114,rib_right_12,36.22,23.23,12.98
Left_Flank_Covered,115,sternum,29.5,17.9,11.6
Left_Flank_Covered,116,costal_cartilages,34.01,19.45,14.56
Central_Drape_Covered,0,spleen,28.93,28.04,0.89
Central_Drape_Covered,1,kidney_right,29.51,28.88,0.63
Central_Drape_Covered,2,kidney_left,29.21,27.69,1.52
Central_Drape_Covered,3,gallbladder,37.42,36.85,0.57
Central_Drape_Covered,4,liver,30.29,28.76,1.53
Central_Drape_Covered,5,stomach,32.22,30.5,1.72
Central_Drape_Covered,6,pancreas,27.9,26.77,1.13
Central_Drape_Covered,7,adrenal_gland_right,25.05,23.9,1.16
Central_Drape_Covered,8,adrenal_gland_left,25.53,24.1,1.43
Central_Drape_Covered,9,lung_upper_lobe_left,22.75,20.9,1.85
Central_Drape_Covered,10,lung_lower_lobe_left,25.22,24.12,1.11
Central_Drape_Covered,11,lung_upper_lobe_right,25.69,23.95,1.75
Central_Drape_Covered,12,lung_middle_lobe_right,24.84,23.38,1.45
Central_Drape_Covered,13,lung_lower_lobe_right,25.8,24.86,0.93
Central_Drape_Covered,14,esophagus,20.92,19.21,1.71
Central_Drape_Covered,15,trachea,21.11,19.58,1.52
Central_Drape_Covered,16,thyroid_gland,22.26,21.13,1.13
Central_Drape_Covered,17,small_bowel,34.56,32.47,2.09
Central_Drape_Covered,18,duodenum,30.15,28.35,1.8
Central_Drape_Covered,19,colon,36.31,34.28,2.03
Central_Drape_Covered,20,urinary_bladder,26.71,25.99,0.72
Central_Drape_Covered,25,vertebrae_S1,22.86,22.09,0.77
Central_Drape_Covered,26,vertebrae_L5,22.21,21.77,0.44
Central_Drape_Covered,27,vertebrae_L4,22.04,21.7,0.34
Central_Drape_Covered,28,vertebrae_L3,24.36,23.77,0.59
Central_Drape_Covered,29,vertebrae_L2,23.31,22.32,1.0
Central_Drape_Covered,30,vertebrae_L1,22.17,21.46,0.71
Central_Drape_Covered,31,vertebrae_T12,21.93,20.36,1.57
Central_Drape_Covered,32,vertebrae_T11,21.94,20.4,1.54
Central_Drape_Covered,33,vertebrae_T10,21.12,19.76,1.35
Central_Drape_Covered,34,vertebrae_T9,20.8,19.73,1.07
Central_Drape_Covered,35,vertebrae_T8,20.56,19.79,0.77
Central_Drape_Covered,36,vertebrae_T7,19.54,18.79,0.75
Central_Drape_Covered,37,vertebrae_T6,18.68,18.35,0.33
Central_Drape_Covered,38,vertebrae_T5,18.44,17.71,0.72
Central_Drape_Covered,39,vertebrae_T4,19.13,18.01,1.12
Central_Drape_Covered,40,vertebrae_T3,19.21,18.01,1.2
Central_Drape_Covered,41,vertebrae_T2,18.93,17.89,1.04
Central_Drape_Covered,42,vertebrae_T1,18.46,17.68,0.78
Central_Drape_Covered,43,vertebrae_C7,19.29,18.83,0.46
Central_Drape_Covered,44,vertebrae_C6,20.74,19.74,1.0
Central_Drape_Covered,51,aorta,19.44,18.45,0.99
Central_Drape_Covered,52,pulmonary_vein,23.42,22.09,1.33
Central_Drape_Covered,53,brachiocephalic_trunk,20.39,19.3,1.09
Central_Drape_Covered,54,subclavian_artery_right,20.55,19.65,0.9
Central_Drape_Covered,55,subclavian_artery_left,21.55,20.52,1.03
Central_Drape_Covered,56,common_carotid_artery_right,21.68,20.91,0.77
Central_Drape_Covered,57,common_carotid_artery_left,21.39,20.35,1.04
Central_Drape_Covered,59,brachiocephalic_vein_right,19.33,18.43,0.9
Central_Drape_Covered,60,atrial_appendage_left,24.28,23.52,0.76
Central_Drape_Covered,61,superior_vena_cava,20.59,19.31,1.28
Central_Drape_Covered,62,inferior_vena_cava,23.55,22.53,1.02
Central_Drape_Covered,63,portal_vein_and_splenic_vein,29.4,28.19,1.2
Central_Drape_Covered,64,iliac_artery_left,24.24,22.65,1.59
Central_Drape_Covered,65,iliac_artery_right,22.6,21.15,1.45
Central_Drape_Covered,66,iliac_vena_left,23.32,21.4,1.91
Central_Drape_Covered,67,iliac_vena_right,21.41,19.85,1.55
Central_Drape_Covered,68,humerus_left,31.91,32.43,-0.52
Central_Drape_Covered,69,humerus_right,31.76,31.36,0.4
Central_Drape_Covered,70,scapula_left,21.16,21.06,0.1
Central_Drape_Covered,71,scapula_right,20.65,20.06,0.59
Central_Drape_Covered,72,clavicula_left,24.71,23.77,0.94
Central_Drape_Covered,73,clavicula_right,24.35,23.88,0.48
Central_Drape_Covered,74,femur_left,26.41,24.72,1.7
Central_Drape_Covered,75,femur_right,25.98,23.83,2.15
Central_Drape_Covered,76,hip_left,23.51,21.03,2.48
Central_Drape_Covered,77,hip_right,22.74,20.33,2.42
Central_Drape_Covered,78,spinal_cord,20.32,19.72,0.6
Central_Drape_Covered,79,gluteus_maximus_left,25.64,23.7,1.94
Central_Drape_Covered,80,gluteus_maximus_right,24.96,22.52,2.44
Central_Drape_Covered,81,gluteus_medius_left,26.36,24.32,2.04
Central_Drape_Covered,82,gluteus_medius_right,24.54,22.66,1.89
Central_Drape_Covered,83,gluteus_minimus_left,24.66,23.38,1.28
Central_Drape_Covered,84,gluteus_minimus_right,23.27,21.8,1.47
Central_Drape_Covered,85,autochthon_left,19.76,18.89,0.87
Central_Drape_Covered,86,autochthon_right,20.31,19.35,0.96
Central_Drape_Covered,87,iliopsoas_left,24.99,22.62,2.37
Central_Drape_Covered,88,iliopsoas_right,24.06,21.77,2.29
Central_Drape_Covered,89,brain,43.4,43.22,0.17
Central_Drape_Covered,90,skull,66.34,64.43,1.91
Central_Drape_Covered,91,rib_left_1,19.71,19.15,0.56
Central_Drape_Covered,92,rib_left_2,22.31,21.45,0.87
Central_Drape_Covered,95,rib_left_5,25.44,23.84,1.6
Central_Drape_Covered,96,rib_left_6,23.94,23.01,0.93
Central_Drape_Covered,97,rib_left_7,24.88,23.63,1.24
Central_Drape_Covered,98,rib_left_8,25.47,23.51,1.95
Central_Drape_Covered,99,rib_left_9,25.23,23.2,2.04
Central_Drape_Covered,100,rib_left_10,25.32,23.39,1.92
Central_Drape_Covered,101,rib_left_11,24.99,23.18,1.82
Central_Drape_Covered,102,rib_left_12,24.79,23.27,1.52
Central_Drape_Covered,103,rib_right_1,19.45,18.08,1.38
Central_Drape_Covered,104,rib_right_2,20.19,19.15,1.04
Central_Drape_Covered,105,rib_right_3,22.32,20.74,1.58
Central_Drape_Covered,106,rib_right_4,25.43,23.46,1.97
Central_Drape_Covered,107,rib_right_5,23.1,22.09,1.01
Central_Drape_Covered,108,rib_right_6,23.87,22.45,1.43
Central_Drape_Covered,109,rib_right_7,25.67,24.33,1.34
Central_Drape_Covered,110,rib_right_8,26.82,24.74,2.09
Central_Drape_Covered,111,rib_right_9,25.52,23.87,1.65
Central_Drape_Covered,112,rib_right_10,25.27,23.79,1.49
Central_Drape_Covered,113,rib_right_11,23.64,22.67,0.97
Central_Drape_Covered,114,rib_right_12,24.16,23.23,0.92
Central_Drape_Covered,115,sternum,19.67,17.9,1.78
Central_Drape_Covered,116,costal_cartilages,21.27,19.45,1.81
Random_Drop_25,0,spleen,28.16,28.04,0.12
Random_Drop_25,1,kidney_right,29.39,28.88,0.51
Random_Drop_25,2,kidney_left,27.9,27.69,0.21
Random_Drop_25,3,gallbladder,37.12,36.85,0.26
Random_Drop_25,4,liver,29.85,28.76,1.09
Random_Drop_25,5,stomach,31.43,30.5,0.92
Random_Drop_25,6,pancreas,27.51,26.77,0.75
Random_Drop_25,7,adrenal_gland_right,24.51,23.9,0.62
Random_Drop_25,8,adrenal_gland_left,24.49,24.1,0.39
Random_Drop_25,9,lung_upper_lobe_left,21.0,20.9,0.1
Random_Drop_25,10,lung_lower_lobe_left,24.05,24.12,-0.07
Random_Drop_25,11,lung_upper_lobe_right,24.3,23.95,0.36
Random_Drop_25,12,lung_middle_lobe_right,23.8,23.38,0.41
Random_Drop_25,13,lung_lower_lobe_right,25.34,24.86,0.48
Random_Drop_25,14,esophagus,19.71,19.21,0.5
Random_Drop_25,15,trachea,20.5,19.58,0.91
Random_Drop_25,16,thyroid_gland,21.65,21.13,0.52
Random_Drop_25,17,small_bowel,32.65,32.47,0.17
Random_Drop_25,18,duodenum,29.27,28.35,0.93
Random_Drop_25,19,colon,34.39,34.28,0.11
Random_Drop_25,20,urinary_bladder,25.6,25.99,-0.4
Random_Drop_25,25,vertebrae_S1,21.98,22.09,-0.11
Random_Drop_25,26,vertebrae_L5,21.77,21.77,0.0
Random_Drop_25,27,vertebrae_L4,21.75,21.7,0.06
Random_Drop_25,28,vertebrae_L3,23.32,23.77,-0.45
Random_Drop_25,29,vertebrae_L2,22.49,22.32,0.17
Random_Drop_25,30,vertebrae_L1,21.24,21.46,-0.22
Random_Drop_25,31,vertebrae_T12,20.55,20.36,0.19
Random_Drop_25,32,vertebrae_T11,20.91,20.4,0.51
Random_Drop_25,33,vertebrae_T10,20.27,19.76,0.5
Random_Drop_25,34,vertebrae_T9,19.96,19.73,0.23
Random_Drop_25,35,vertebrae_T8,20.04,19.79,0.24
Random_Drop_25,36,vertebrae_T7,18.96,18.79,0.17
Random_Drop_25,37,vertebrae_T6,18.34,18.35,-0.01
Random_Drop_25,38,vertebrae_T5,18.04,17.71,0.33
Random_Drop_25,39,vertebrae_T4,18.81,18.01,0.8
Random_Drop_25,40,vertebrae_T3,18.96,18.01,0.95
Random_Drop_25,41,vertebrae_T2,18.68,17.89,0.79
Random_Drop_25,42,vertebrae_T1,18.55,17.68,0.87
Random_Drop_25,43,vertebrae_C7,19.44,18.83,0.61
Random_Drop_25,44,vertebrae_C6,20.5,19.74,0.76
Random_Drop_25,51,aorta,18.49,18.45,0.04
Random_Drop_25,52,pulmonary_vein,22.75,22.09,0.66
Random_Drop_25,53,brachiocephalic_trunk,20.23,19.3,0.93
Random_Drop_25,54,subclavian_artery_right,20.4,19.65,0.75
Random_Drop_25,55,subclavian_artery_left,21.12,20.52,0.6
Random_Drop_25,56,common_carotid_artery_right,21.64,20.91,0.73
Random_Drop_25,57,common_carotid_artery_left,20.95,20.35,0.6
Random_Drop_25,59,brachiocephalic_vein_right,19.29,18.43,0.87
Random_Drop_25,60,atrial_appendage_left,24.05,23.52,0.53
Random_Drop_25,61,superior_vena_cava,20.04,19.31,0.73
Random_Drop_25,62,inferior_vena_cava,22.79,22.53,0.26
Random_Drop_25,63,portal_vein_and_splenic_vein,28.79,28.19,0.59
Random_Drop_25,64,iliac_artery_left,22.26,22.65,-0.39
Random_Drop_25,65,iliac_artery_right,20.83,21.15,-0.31
Random_Drop_25,66,iliac_vena_left,21.24,21.4,-0.16
Random_Drop_25,67,iliac_vena_right,19.43,19.85,-0.43
Random_Drop_25,68,humerus_left,32.2,32.43,-0.23
Random_Drop_25,69,humerus_right,31.63,31.36,0.27
Random_Drop_25,70,scapula_left,21.39,21.06,0.33
Random_Drop_25,71,scapula_right,20.76,20.06,0.7
Random_Drop_25,72,clavicula_left,24.43,23.77,0.66
Random_Drop_25,73,clavicula_right,24.6,23.88,0.72
Random_Drop_25,74,femur_left,25.27,24.72,0.55
Random_Drop_25,75,femur_right,24.02,23.83,0.19
Random_Drop_25,76,hip_left,21.01,21.03,-0.02
Random_Drop_25,77,hip_right,20.13,20.33,-0.2
Random_Drop_25,78,spinal_cord,19.68,19.72,-0.04
Random_Drop_25,79,gluteus_maximus_left,23.95,23.7,0.24
Random_Drop_25,80,gluteus_maximus_right,22.88,22.52,0.36
Random_Drop_25,81,gluteus_medius_left,24.53,24.32,0.21
Random_Drop_25,82,gluteus_medius_right,22.43,22.66,-0.23
Random_Drop_25,83,gluteus_minimus_left,23.57,23.38,0.19
Random_Drop_25,84,gluteus_minimus_right,21.45,21.8,-0.35
Random_Drop_25,85,autochthon_left,19.06,18.89,0.17
Random_Drop_25,86,autochthon_right,19.41,19.35,0.06
Random_Drop_25,87,iliopsoas_left,21.9,22.62,-0.72
Random_Drop_25,88,iliopsoas_right,20.83,21.77,-0.94
Random_Drop_25,89,brain,42.07,43.22,-1.16
Random_Drop_25,90,skull,65.9,64.43,1.47
Random_Drop_25,91,rib_left_1,19.56,19.15,0.41
Random_Drop_25,92,rib_left_2,21.92,21.45,0.47
Random_Drop_25,95,rib_left_5,24.18,23.84,0.34
Random_Drop_25,96,rib_left_6,23.39,23.01,0.37
Random_Drop_25,97,rib_left_7,23.81,23.63,0.17
Random_Drop_25,98,rib_left_8,23.74,23.51,0.22
Random_Drop_25,99,rib_left_9,23.33,23.2,0.14
Random_Drop_25,100,rib_left_10,23.86,23.39,0.47
Random_Drop_25,101,rib_left_11,23.46,23.18,0.28
Random_Drop_25,102,rib_left_12,23.28,23.27,0.0
Random_Drop_25,103,rib_right_1,19.16,18.08,1.08
Random_Drop_25,104,rib_right_2,20.19,19.15,1.04
Random_Drop_25,105,rib_right_3,21.78,20.74,1.04
Random_Drop_25,106,rib_right_4,23.89,23.46,0.43
Random_Drop_25,107,rib_right_5,22.22,22.09,0.13
Random_Drop_25,108,rib_right_6,22.79,22.45,0.34
Random_Drop_25,109,rib_right_7,24.36,24.33,0.03
Random_Drop_25,110,rib_right_8,24.57,24.74,-0.16
Random_Drop_25,111,rib_right_9,23.24,23.87,-0.63
Random_Drop_25,112,rib_right_10,23.86,23.79,0.07
Random_Drop_25,113,rib_right_11,22.55,22.67,-0.13
Random_Drop_25,114,rib_right_12,22.65,23.23,-0.58
Random_Drop_25,115,sternum,18.27,17.9,0.37
Random_Drop_25,116,costal_cartilages,19.51,19.45,0.06
Random_Drop_50,0,spleen,28.75,28.04,0.71
Random_Drop_50,1,kidney_right,30.21,28.88,1.33
Random_Drop_50,2,kidney_left,28.29,27.69,0.6
Random_Drop_50,3,gallbladder,37.76,36.85,0.9
Random_Drop_50,4,liver,30.0,28.76,1.24
Random_Drop_50,5,stomach,31.54,30.5,1.04
Random_Drop_50,6,pancreas,28.04,26.77,1.27
Random_Drop_50,7,adrenal_gland_right,24.98,23.9,1.09
Random_Drop_50,8,adrenal_gland_left,25.0,24.1,0.9
Random_Drop_50,9,lung_upper_lobe_left,21.09,20.9,0.19
Random_Drop_50,10,lung_lower_lobe_left,24.49,24.12,0.38
Random_Drop_50,11,lung_upper_lobe_right,24.19,23.95,0.25
Random_Drop_50,12,lung_middle_lobe_right,23.54,23.38,0.16
Random_Drop_50,13,lung_lower_lobe_right,25.49,24.86,0.63
Random_Drop_50,14,esophagus,19.59,19.21,0.38
Random_Drop_50,15,trachea,20.17,19.58,0.59
Random_Drop_50,16,thyroid_gland,21.68,21.13,0.56
Random_Drop_50,17,small_bowel,32.62,32.47,0.15
Random_Drop_50,18,duodenum,29.27,28.35,0.93
Random_Drop_50,19,colon,34.76,34.28,0.48
Random_Drop_50,20,urinary_bladder,24.91,25.99,-1.08
Random_Drop_50,25,vertebrae_S1,21.77,22.09,-0.32
Random_Drop_50,26,vertebrae_L5,21.87,21.77,0.1
Random_Drop_50,27,vertebrae_L4,21.94,21.7,0.24
Random_Drop_50,28,vertebrae_L3,23.38,23.77,-0.39
Random_Drop_50,29,vertebrae_L2,22.79,22.32,0.47
Random_Drop_50,30,vertebrae_L1,21.94,21.46,0.49
Random_Drop_50,31,vertebrae_T12,21.51,20.36,1.15
Random_Drop_50,32,vertebrae_T11,21.55,20.4,1.15
Random_Drop_50,33,vertebrae_T10,20.61,19.76,0.85
Random_Drop_50,34,vertebrae_T9,20.14,19.73,0.4
Random_Drop_50,35,vertebrae_T8,20.07,19.79,0.28
Random_Drop_50,36,vertebrae_T7,19.17,18.79,0.38
Random_Drop_50,37,vertebrae_T6,18.28,18.35,-0.07
Random_Drop_50,38,vertebrae_T5,17.95,17.71,0.24
Random_Drop_50,39,vertebrae_T4,18.7,18.01,0.69
Random_Drop_50,40,vertebrae_T3,18.53,18.01,0.52
Random_Drop_50,41,vertebrae_T2,18.49,17.89,0.6
Random_Drop_50,42,vertebrae_T1,18.58,17.68,0.9
Random_Drop_50,43,vertebrae_C7,19.48,18.83,0.64
Random_Drop_50,44,vertebrae_C6,20.89,19.74,1.15
Random_Drop_50,51,aorta,18.69,18.45,0.24
Random_Drop_50,52,pulmonary_vein,22.48,22.09,0.39
Random_Drop_50,53,brachiocephalic_trunk,20.12,19.3,0.82
Random_Drop_50,54,subclavian_artery_right,20.19,19.65,0.54
Random_Drop_50,55,subclavian_artery_left,20.89,20.52,0.38
Random_Drop_50,56,common_carotid_artery_right,21.59,20.91,0.68
Random_Drop_50,57,common_carotid_artery_left,20.99,20.35,0.64
Random_Drop_50,59,brachiocephalic_vein_right,18.9,18.43,0.47
Random_Drop_50,60,atrial_appendage_left,23.86,23.52,0.34
Random_Drop_50,61,superior_vena_cava,19.94,19.31,0.63
Random_Drop_50,62,inferior_vena_cava,22.27,22.53,-0.26
Random_Drop_50,63,portal_vein_and_splenic_vein,29.03,28.19,0.84
Random_Drop_50,64,iliac_artery_left,22.21,22.65,-0.45
Random_Drop_50,65,iliac_artery_right,20.54,21.15,-0.61
Random_Drop_50,66,iliac_vena_left,20.64,21.4,-0.76
Random_Drop_50,67,iliac_vena_right,19.26,19.85,-0.59
Random_Drop_50,68,humerus_left,32.23,32.43,-0.2
Random_Drop_50,69,humerus_right,31.43,31.36,0.07
Random_Drop_50,70,scapula_left,19.84,21.06,-1.22
Random_Drop_50,71,scapula_right,20.29,20.06,0.23
Random_Drop_50,72,clavicula_left,24.29,23.77,0.52
Random_Drop_50,73,clavicula_right,24.82,23.88,0.94
Random_Drop_50,74,femur_left,25.2,24.72,0.49
Random_Drop_50,75,femur_right,24.18,23.83,0.35
Random_Drop_50,76,hip_left,20.4,21.03,-0.63
Random_Drop_50,77,hip_right,19.8,20.33,-0.53
Random_Drop_50,78,spinal_cord,20.17,19.72,0.45
Random_Drop_50,79,gluteus_maximus_left,23.24,23.7,-0.46
Random_Drop_50,80,gluteus_maximus_right,22.44,22.52,-0.08
Random_Drop_50,81,gluteus_medius_left,23.7,24.32,-0.62
Random_Drop_50,82,gluteus_medius_right,22.16,22.66,-0.5
Random_Drop_50,83,gluteus_minimus_left,22.54,23.38,-0.84
Random_Drop_50,84,gluteus_minimus_right,21.09,21.8,-0.71
Random_Drop_50,85,autochthon_left,18.87,18.89,-0.02
Random_Drop_50,86,autochthon_right,19.26,19.35,-0.09
Random_Drop_50,87,iliopsoas_left,22.08,22.62,-0.53
Random_Drop_50,88,iliopsoas_right,21.42,21.77,-0.35
Random_Drop_50,89,brain,43.79,43.22,0.56
Random_Drop_50,90,skull,65.95,64.43,1.52
Random_Drop_50,91,rib_left_1,19.36,19.15,0.21
Random_Drop_50,92,rib_left_2,21.77,21.45,0.32
Random_Drop_50,95,rib_left_5,24.15,23.84,0.31
Random_Drop_50,96,rib_left_6,23.55,23.01,0.54
Random_Drop_50,97,rib_left_7,24.73,23.63,1.1
Random_Drop_50,98,rib_left_8,24.69,23.51,1.18
Random_Drop_50,99,rib_left_9,24.39,23.2,1.19
Random_Drop_50,100,rib_left_10,24.43,23.39,1.03
Random_Drop_50,101,rib_left_11,24.13,23.18,0.96
Random_Drop_50,102,rib_left_12,23.9,23.27,0.62
Random_Drop_50,103,rib_right_1,18.8,18.08,0.73
Random_Drop_50,104,rib_right_2,19.54,19.15,0.39
Random_Drop_50,105,rib_right_3,21.42,20.74,0.68
Random_Drop_50,106,rib_right_4,24.15,23.46,0.69
Random_Drop_50,107,rib_right_5,23.01,22.09,0.92
Random_Drop_50,108,rib_right_6,23.53,22.45,1.08
Random_Drop_50,109,rib_right_7,25.53,24.33,1.2
Random_Drop_50,110,rib_right_8,26.25,24.74,1.51
Random_Drop_50,111,rib_right_9,25.09,23.87,1.23
Random_Drop_50,112,rib_right_10,24.7,23.79,0.91
Random_Drop_50,113,rib_right_11,23.66,22.67,0.99
Random_Drop_50,114,rib_right_12,23.36,23.23,0.12
Random_Drop_50,115,sternum,18.67,17.9,0.77
Random_Drop_50,116,costal_cartilages,20.35,19.45,0.89
Random_Drop_75,0,spleen,28.55,28.04,0.51
Random_Drop_75,1,kidney_right,30.08,28.88,1.2
Random_Drop_75,2,kidney_left,28.35,27.69,0.66
Random_Drop_75,3,gallbladder,37.06,36.85,0.21
Random_Drop_75,4,liver,29.52,28.76,0.76
Random_Drop_75,5,stomach,31.38,30.5,0.88
Random_Drop_75,6,pancreas,27.7,26.77,0.93
Random_Drop_75,7,adrenal_gland_right,24.89,23.9,0.99
Random_Drop_75,8,adrenal_gland_left,25.12,24.1,1.02
Random_Drop_75,9,lung_upper_lobe_left,21.55,20.9,0.66
Random_Drop_75,10,lung_lower_lobe_left,24.91,24.12,0.8
Random_Drop_75,11,lung_upper_lobe_right,24.8,23.95,0.86
Random_Drop_75,12,lung_middle_lobe_right,24.19,23.38,0.81
Random_Drop_75,13,lung_lower_lobe_right,25.56,24.86,0.7
Random_Drop_75,14,esophagus,20.28,19.21,1.07
Random_Drop_75,15,trachea,21.21,19.58,1.63
Random_Drop_75,16,thyroid_gland,22.29,21.13,1.16
Random_Drop_75,17,small_bowel,32.74,32.47,0.27
Random_Drop_75,18,duodenum,29.13,28.35,0.79
Random_Drop_75,19,colon,34.17,34.28,-0.11
Random_Drop_75,20,urinary_bladder,25.39,25.99,-0.6
Random_Drop_75,25,vertebrae_S1,21.76,22.09,-0.33
Random_Drop_75,26,vertebrae_L5,22.01,21.77,0.24
Random_Drop_75,27,vertebrae_L4,22.08,21.7,0.39
Random_Drop_75,28,vertebrae_L3,23.2,23.77,-0.58
Random_Drop_75,29,vertebrae_L2,22.8,22.32,0.49
Random_Drop_75,30,vertebrae_L1,21.91,21.46,0.46
Random_Drop_75,31,vertebrae_T12,21.41,20.36,1.05
Random_Drop_75,32,vertebrae_T11,21.59,20.4,1.2
Random_Drop_75,33,vertebrae_T10,21.0,19.76,1.24
Random_Drop_75,34,vertebrae_T9,20.88,19.73,1.15
Random_Drop_75,35,vertebrae_T8,20.61,19.79,0.81
Random_Drop_75,36,vertebrae_T7,19.78,18.79,0.99
Random_Drop_75,37,vertebrae_T6,18.68,18.35,0.33
Random_Drop_75,38,vertebrae_T5,18.74,17.71,1.03
Random_Drop_75,39,vertebrae_T4,19.06,18.01,1.05
Random_Drop_75,40,vertebrae_T3,18.88,18.01,0.87
Random_Drop_75,41,vertebrae_T2,19.18,17.89,1.29
Random_Drop_75,42,vertebrae_T1,18.98,17.68,1.3
Random_Drop_75,43,vertebrae_C7,19.82,18.83,0.99
Random_Drop_75,44,vertebrae_C6,21.27,19.74,1.53
Random_Drop_75,51,aorta,18.8,18.45,0.35
Random_Drop_75,52,pulmonary_vein,23.42,22.09,1.33
Random_Drop_75,53,brachiocephalic_trunk,20.38,19.3,1.08
Random_Drop_75,54,subclavian_artery_right,20.79,19.65,1.14
Random_Drop_75,55,subclavian_artery_left,21.28,20.52,0.76
Random_Drop_75,56,common_carotid_artery_right,21.86,20.91,0.95
Random_Drop_75,57,common_carotid_artery_left,23.89,20.35,3.54
Random_Drop_75,59,brachiocephalic_vein_right,19.19,18.43,0.76
Random_Drop_75,60,atrial_appendage_left,24.28,23.52,0.76
Random_Drop_75,61,superior_vena_cava,20.35,19.31,1.03
Random_Drop_75,62,inferior_vena_cava,22.38,22.53,-0.15
Random_Drop_75,63,portal_vein_and_splenic_vein,28.97,28.19,0.77
Random_Drop_75,64,iliac_artery_left,22.45,22.65,-0.2
Random_Drop_75,65,iliac_artery_right,20.71,21.15,-0.44
Random_Drop_75,66,iliac_vena_left,20.86,21.4,-0.54
Random_Drop_75,67,iliac_vena_right,19.03,19.85,-0.82
Random_Drop_75,68,humerus_left,32.05,32.43,-0.38
Random_Drop_75,69,humerus_right,32.04,31.36,0.68
Random_Drop_75,70,scapula_left,22.91,21.06,1.86
Random_Drop_75,71,scapula_right,23.5,20.06,3.44
Random_Drop_75,72,clavicula_left,24.36,23.77,0.59
Random_Drop_75,73,clavicula_right,26.48,23.88,2.61
Random_Drop_75,74,femur_left,25.97,24.72,1.25
Random_Drop_75,75,femur_right,25.35,23.83,1.52
Random_Drop_75,76,hip_left,20.89,21.03,-0.13
Random_Drop_75,77,hip_right,19.93,20.33,-0.39
Random_Drop_75,78,spinal_cord,19.89,19.72,0.17
Random_Drop_75,79,gluteus_maximus_left,23.94,23.7,0.23
Random_Drop_75,80,gluteus_maximus_right,22.53,22.52,0.01
Random_Drop_75,81,gluteus_medius_left,24.22,24.32,-0.1
Random_Drop_75,82,gluteus_medius_right,22.48,22.66,-0.17
Random_Drop_75,83,gluteus_minimus_left,22.72,23.38,-0.66
Random_Drop_75,84,gluteus_minimus_right,21.13,21.8,-0.67
Random_Drop_75,85,autochthon_left,19.09,18.89,0.2
Random_Drop_75,86,autochthon_right,19.68,19.35,0.33
Random_Drop_75,87,iliopsoas_left,22.43,22.62,-0.19
Random_Drop_75,88,iliopsoas_right,21.54,21.77,-0.23
Random_Drop_75,89,brain,44.09,43.22,0.87
Random_Drop_75,90,skull,65.69,64.43,1.26
Random_Drop_75,91,rib_left_1,19.45,19.15,0.3
Random_Drop_75,92,rib_left_2,21.73,21.45,0.28
Random_Drop_75,95,rib_left_5,24.34,23.84,0.5
Random_Drop_75,96,rib_left_6,23.67,23.01,0.65
Random_Drop_75,97,rib_left_7,24.21,23.63,0.57
Random_Drop_75,98,rib_left_8,24.76,23.51,1.24
Random_Drop_75,99,rib_left_9,24.58,23.2,1.39
Random_Drop_75,100,rib_left_10,24.15,23.39,0.76
Random_Drop_75,101,rib_left_11,23.9,23.18,0.72
Random_Drop_75,102,rib_left_12,24.16,23.27,0.88
Random_Drop_75,103,rib_right_1,19.11,18.08,1.04
Random_Drop_75,104,rib_right_2,19.91,19.15,0.77
Random_Drop_75,105,rib_right_3,23.9,20.74,3.16
Random_Drop_75,106,rib_right_4,23.92,23.46,0.46
Random_Drop_75,107,rib_right_5,22.4,22.09,0.31
Random_Drop_75,108,rib_right_6,23.29,22.45,0.84
Random_Drop_75,109,rib_right_7,25.18,24.33,0.84
Random_Drop_75,110,rib_right_8,25.7,24.74,0.97
Random_Drop_75,111,rib_right_9,24.83,23.87,0.96
Random_Drop_75,112,rib_right_10,24.35,23.79,0.56
Random_Drop_75,113,rib_right_11,23.22,22.67,0.54
Random_Drop_75,114,rib_right_12,23.35,23.23,0.12
Random_Drop_75,115,sternum,19.07,17.9,1.18
Random_Drop_75,116,costal_cartilages,20.42,19.45,0.97
